Copyright 1986-2022 Xilinx, Inc. All Rights Reserved. Copyright 2022-2025 Advanced Micro Devices, Inc. All Rights Reserved.
------------------------------------------------------------------------------------------------------------------------------------------------------------------------------------------------------------------------------------
| Tool Version : Vivado v.2025.2 (win64) Build 6299465 Fri Nov 14 19:35:11 GMT 2025
| Date         : Mon Aug 31 16:01:31 2026
| Host         : Master-Slave running 64-bit major release  (build 9200)
| Command      : report_timing_summary -max_paths 10 -routable_nets -report_unconstrained -file TopPanel_timing_summary_routed.rpt -pb TopPanel_timing_summary_routed.pb -rpx TopPanel_timing_summary_routed.rpx -warn_on_violation
| Design       : TopPanel
| Device       : 7a35t-cpg236
| Speed File   : -1  PRODUCTION 1.23 2018-06-13
| Design State : Routed
------------------------------------------------------------------------------------------------------------------------------------------------------------------------------------------------------------------------------------

Timing Summary Report

------------------------------------------------------------------------------------------------
| Timer Settings
| --------------
------------------------------------------------------------------------------------------------

  Enable Multi Corner Analysis               :  Yes
  Enable Pessimism Removal                   :  Yes
  Pessimism Removal Resolution               :  Nearest Common Node
  Enable Input Delay Default Clock           :  No
  Enable Preset / Clear Arcs                 :  No
  Disable Flight Delays                      :  No
  Ignore I/O Paths                           :  No
  Timing Early Launch at Borrowing Latches   :  No
  Borrow Time for Max Delay Exceptions       :  Yes
  Merge Timing Exceptions                    :  Yes
  Inter-SLR Compensation                     :  Conservative

  Corner  Analyze    Analyze    
  Name    Max Paths  Min Paths  
  ------  ---------  ---------  
  Slow    Yes        Yes        
  Fast    Yes        Yes        


------------------------------------------------------------------------------------------------
| Report Methodology
| ------------------
------------------------------------------------------------------------------------------------

Rule       Severity  Description                    Violations  
---------  --------  -----------------------------  ----------  
TIMING-18  Warning   Missing input or output delay  26          

Note: This report is based on the most recent report_methodology run and may not be up-to-date. Run report_methodology on the current design for the latest report.



check_timing report

Table of Contents
-----------------
1. checking no_clock (0)
2. checking constant_clock (0)
3. checking pulse_width_clock (0)
4. checking unconstrained_internal_endpoints (0)
5. checking no_input_delay (16)
6. checking no_output_delay (4)
7. checking multiple_clock (0)
8. checking generated_clocks (0)
9. checking loops (0)
10. checking partial_input_delay (0)
11. checking partial_output_delay (0)
12. checking latch_loops (0)

1. checking no_clock (0)
------------------------
 There are 0 register/latch pins with no clock.


2. checking constant_clock (0)
------------------------------
 There are 0 register/latch pins with constant_clock.


3. checking pulse_width_clock (0)
---------------------------------
 There are 0 register/latch pins which need pulse_width check


4. checking unconstrained_internal_endpoints (0)
------------------------------------------------
 There are 0 pins that are not constrained for maximum delay.

 There are 0 pins that are not constrained for maximum delay due to constant clock.


5. checking no_input_delay (16)
-------------------------------
 There are 16 input ports with no input delay specified. (HIGH)

 There are 0 input ports with no input delay but user has a false path constraint.


6. checking no_output_delay (4)
-------------------------------
 There are 4 ports with no output delay specified. (HIGH)

 There are 0 ports with no output delay but user has a false path constraint

 There are 0 ports with no output delay but with a timing clock defined on it or propagating through it


7. checking multiple_clock (0)
------------------------------
 There are 0 register/latch pins with multiple clocks.


8. checking generated_clocks (0)
--------------------------------
 There are 0 generated clocks that are not connected to a clock source.


9. checking loops (0)
---------------------
 There are 0 combinational loops in the design.


10. checking partial_input_delay (0)
------------------------------------
 There are 0 input ports with partial input delay specified.


11. checking partial_output_delay (0)
-------------------------------------
 There are 0 ports with partial output delay specified.


12. checking latch_loops (0)
----------------------------
 There are 0 combinational latch loops in the design through latch input



------------------------------------------------------------------------------------------------
| Design Timing Summary
| ---------------------
------------------------------------------------------------------------------------------------

    WNS(ns)      TNS(ns)  TNS Failing Endpoints  TNS Total Endpoints      WHS(ns)      THS(ns)  THS Failing Endpoints  THS Total Endpoints     WPWS(ns)     TPWS(ns)  TPWS Failing Endpoints  TPWS Total Endpoints  
    -------      -------  ---------------------  -------------------      -------      -------  ---------------------  -------------------     --------     --------  ----------------------  --------------------  
      3.395        0.000                      0                  460        0.117        0.000                      0                  460        4.500        0.000                       0                   301  


All user specified timing constraints are met.


------------------------------------------------------------------------------------------------
| Clock Summary
| -------------
------------------------------------------------------------------------------------------------

Clock        Waveform(ns)       Period(ns)      Frequency(MHz)
-----        ------------       ----------      --------------
sys_clk_pin  {0.000 5.000}      10.000          100.000         


------------------------------------------------------------------------------------------------
| Intra Clock Table
| -----------------
------------------------------------------------------------------------------------------------

Clock             WNS(ns)      TNS(ns)  TNS Failing Endpoints  TNS Total Endpoints      WHS(ns)      THS(ns)  THS Failing Endpoints  THS Total Endpoints     WPWS(ns)     TPWS(ns)  TPWS Failing Endpoints  TPWS Total Endpoints  
-----             -------      -------  ---------------------  -------------------      -------      -------  ---------------------  -------------------     --------     --------  ----------------------  --------------------  
sys_clk_pin         3.395        0.000                      0                  460        0.117        0.000                      0                  460        4.500        0.000                       0                   301  


------------------------------------------------------------------------------------------------
| Inter Clock Table
| -----------------
------------------------------------------------------------------------------------------------

From Clock    To Clock          WNS(ns)      TNS(ns)  TNS Failing Endpoints  TNS Total Endpoints      WHS(ns)      THS(ns)  THS Failing Endpoints  THS Total Endpoints  
----------    --------          -------      -------  ---------------------  -------------------      -------      -------  ---------------------  -------------------  


------------------------------------------------------------------------------------------------
| Other Path Groups Table
| -----------------------
------------------------------------------------------------------------------------------------

Path Group    From Clock    To Clock          WNS(ns)      TNS(ns)  TNS Failing Endpoints  TNS Total Endpoints      WHS(ns)      THS(ns)  THS Failing Endpoints  THS Total Endpoints  
----------    ----------    --------          -------      -------  ---------------------  -------------------      -------      -------  ---------------------  -------------------  


------------------------------------------------------------------------------------------------
| User Ignored Path Table
| -----------------------
------------------------------------------------------------------------------------------------

Path Group    From Clock    To Clock    
----------    ----------    --------    


------------------------------------------------------------------------------------------------
| Unconstrained Path Table
| ------------------------
------------------------------------------------------------------------------------------------

Path Group    From Clock    To Clock    
----------    ----------    --------    
(none)        sys_clk_pin                 
(none)                      sys_clk_pin   


------------------------------------------------------------------------------------------------
| Timing Details
| --------------
------------------------------------------------------------------------------------------------


---------------------------------------------------------------------------------------------------
From Clock:  sys_clk_pin
  To Clock:  sys_clk_pin

Setup :            0  Failing Endpoints,  Worst Slack        3.395ns,  Total Violation        0.000ns
Hold  :            0  Failing Endpoints,  Worst Slack        0.117ns,  Total Violation        0.000ns
PW    :            0  Failing Endpoints,  Worst Slack        4.500ns,  Total Violation        0.000ns
---------------------------------------------------------------------------------------------------


Max Delay Paths
--------------------------------------------------------------------------------------
Slack (MET) :             3.395ns  (required time - arrival time)
  Source:                 u_RealClock/clockcycles_reg[9]/C
                            (rising edge-triggered cell FDCE clocked by sys_clk_pin  {rise@0.000ns fall@5.000ns period=10.000ns})
  Destination:            u_Track_3/current_train_id_reg[0]/CE
                            (rising edge-triggered cell FDCE clocked by sys_clk_pin  {rise@0.000ns fall@5.000ns period=10.000ns})
  Path Group:             sys_clk_pin
  Path Type:              Setup (Max at Slow Process Corner)
  Requirement:            10.000ns  (sys_clk_pin rise@10.000ns - sys_clk_pin rise@0.000ns)
  Data Path Delay:        6.399ns  (logic 1.278ns (19.973%)  route 5.121ns (80.027%))
  Logic Levels:           4  (LUT4=1 LUT5=2 LUT6=1)
  Clock Path Skew:        -0.002ns (DCD - SCD + CPR)
    Destination Clock Delay (DCD):    4.954ns = ( 14.954 - 10.000 ) 
    Source Clock Delay      (SCD):    5.143ns
    Clock Pessimism Removal (CPR):    0.187ns
  Clock Uncertainty:      0.035ns  ((TSJ^2 + TIJ^2)^1/2 + DJ) / 2 + PE
    Total System Jitter     (TSJ):    0.071ns
    Total Input Jitter      (TIJ):    0.000ns
    Discrete Jitter          (DJ):    0.000ns
    Phase Error              (PE):    0.000ns

    Location             Delay type                Incr(ns)  Path(ns)    Netlist Resource(s)
  -------------------------------------------------------------------    -------------------
                         (clock sys_clk_pin rise edge)
                                                      0.000     0.000 r  
    W5                                                0.000     0.000 r  clk (IN)
                         net (fo=0)                   0.000     0.000    clk
    W5                   IBUF (Prop_ibuf_I_O)         1.458     1.458 r  clk_IBUF_inst/O
                         net (fo=1, routed)           1.967     3.425    clk_IBUF
    BUFGCTRL_X0Y0        BUFG (Prop_bufg_I_O)         0.096     3.521 r  clk_IBUF_BUFG_inst/O
                         net (fo=300, routed)         1.622     5.143    u_RealClock/CLK
    SLICE_X60Y88         FDCE                                         r  u_RealClock/clockcycles_reg[9]/C
  -------------------------------------------------------------------    -------------------
    SLICE_X60Y88         FDCE (Prop_fdce_C_Q)         0.518     5.661 f  u_RealClock/clockcycles_reg[9]/Q
                         net (fo=2, routed)           0.676     6.337    u_RealClock/clockcycles[9]
    SLICE_X60Y87         LUT4 (Prop_lut4_I1_O)        0.124     6.461 r  u_RealClock/clockcycles[31]_i_7/O
                         net (fo=1, routed)           0.427     6.888    u_RealClock/clockcycles[31]_i_7_n_0
    SLICE_X60Y86         LUT5 (Prop_lut5_I4_O)        0.124     7.012 r  u_RealClock/clockcycles[31]_i_3/O
                         net (fo=33, routed)          1.041     8.053    u_RealClock/clockcycles[31]_i_3_n_0
    SLICE_X60Y90         LUT5 (Prop_lut5_I2_O)        0.157     8.210 r  u_RealClock/current_train_id[7]_i_3__5/O
                         net (fo=11, routed)          2.243    10.453    u_Turnout_P2/current_train_id_reg[0]_3
    SLICE_X52Y103        LUT6 (Prop_lut6_I0_O)        0.355    10.808 r  u_Turnout_P2/current_train_id[7]_i_1__4/O
                         net (fo=8, routed)           0.733    11.541    u_Track_3/E[0]
    SLICE_X52Y102        FDCE                                         r  u_Track_3/current_train_id_reg[0]/CE
  -------------------------------------------------------------------    -------------------

                         (clock sys_clk_pin rise edge)
                                                     10.000    10.000 r  
    W5                                                0.000    10.000 r  clk (IN)
                         net (fo=0)                   0.000    10.000    clk
    W5                   IBUF (Prop_ibuf_I_O)         1.388    11.388 r  clk_IBUF_inst/O
                         net (fo=1, routed)           1.862    13.250    clk_IBUF
    BUFGCTRL_X0Y0        BUFG (Prop_bufg_I_O)         0.091    13.341 r  clk_IBUF_BUFG_inst/O
                         net (fo=300, routed)         1.613    14.954    u_Track_3/CLK
    SLICE_X52Y102        FDCE                                         r  u_Track_3/current_train_id_reg[0]/C
                         clock pessimism              0.187    15.141    
                         clock uncertainty           -0.035    15.106    
    SLICE_X52Y102        FDCE (Setup_fdce_C_CE)      -0.169    14.937    u_Track_3/current_train_id_reg[0]
  -------------------------------------------------------------------
                         required time                         14.937    
                         arrival time                         -11.541    
  -------------------------------------------------------------------
                         slack                                  3.395    

Slack (MET) :             3.399ns  (required time - arrival time)
  Source:                 u_RealClock/clockcycles_reg[9]/C
                            (rising edge-triggered cell FDCE clocked by sys_clk_pin  {rise@0.000ns fall@5.000ns period=10.000ns})
  Destination:            u_Track_3/current_train_id_reg[2]/CE
                            (rising edge-triggered cell FDCE clocked by sys_clk_pin  {rise@0.000ns fall@5.000ns period=10.000ns})
  Path Group:             sys_clk_pin
  Path Type:              Setup (Max at Slow Process Corner)
  Requirement:            10.000ns  (sys_clk_pin rise@10.000ns - sys_clk_pin rise@0.000ns)
  Data Path Delay:        6.357ns  (logic 1.278ns (20.103%)  route 5.079ns (79.898%))
  Logic Levels:           4  (LUT4=1 LUT5=2 LUT6=1)
  Clock Path Skew:        -0.003ns (DCD - SCD + CPR)
    Destination Clock Delay (DCD):    4.953ns = ( 14.953 - 10.000 ) 
    Source Clock Delay      (SCD):    5.143ns
    Clock Pessimism Removal (CPR):    0.187ns
  Clock Uncertainty:      0.035ns  ((TSJ^2 + TIJ^2)^1/2 + DJ) / 2 + PE
    Total System Jitter     (TSJ):    0.071ns
    Total Input Jitter      (TIJ):    0.000ns
    Discrete Jitter          (DJ):    0.000ns
    Phase Error              (PE):    0.000ns

    Location             Delay type                Incr(ns)  Path(ns)    Netlist Resource(s)
  -------------------------------------------------------------------    -------------------
                         (clock sys_clk_pin rise edge)
                                                      0.000     0.000 r  
    W5                                                0.000     0.000 r  clk (IN)
                         net (fo=0)                   0.000     0.000    clk
    W5                   IBUF (Prop_ibuf_I_O)         1.458     1.458 r  clk_IBUF_inst/O
                         net (fo=1, routed)           1.967     3.425    clk_IBUF
    BUFGCTRL_X0Y0        BUFG (Prop_bufg_I_O)         0.096     3.521 r  clk_IBUF_BUFG_inst/O
                         net (fo=300, routed)         1.622     5.143    u_RealClock/CLK
    SLICE_X60Y88         FDCE                                         r  u_RealClock/clockcycles_reg[9]/C
  -------------------------------------------------------------------    -------------------
    SLICE_X60Y88         FDCE (Prop_fdce_C_Q)         0.518     5.661 f  u_RealClock/clockcycles_reg[9]/Q
                         net (fo=2, routed)           0.676     6.337    u_RealClock/clockcycles[9]
    SLICE_X60Y87         LUT4 (Prop_lut4_I1_O)        0.124     6.461 r  u_RealClock/clockcycles[31]_i_7/O
                         net (fo=1, routed)           0.427     6.888    u_RealClock/clockcycles[31]_i_7_n_0
    SLICE_X60Y86         LUT5 (Prop_lut5_I4_O)        0.124     7.012 r  u_RealClock/clockcycles[31]_i_3/O
                         net (fo=33, routed)          1.041     8.053    u_RealClock/clockcycles[31]_i_3_n_0
    SLICE_X60Y90         LUT5 (Prop_lut5_I2_O)        0.157     8.210 r  u_RealClock/current_train_id[7]_i_3__5/O
                         net (fo=11, routed)          2.243    10.453    u_Turnout_P2/current_train_id_reg[0]_3
    SLICE_X52Y103        LUT6 (Prop_lut6_I0_O)        0.355    10.808 r  u_Turnout_P2/current_train_id[7]_i_1__4/O
                         net (fo=8, routed)           0.692    11.500    u_Track_3/E[0]
    SLICE_X51Y103        FDCE                                         r  u_Track_3/current_train_id_reg[2]/CE
  -------------------------------------------------------------------    -------------------

                         (clock sys_clk_pin rise edge)
                                                     10.000    10.000 r  
    W5                                                0.000    10.000 r  clk (IN)
                         net (fo=0)                   0.000    10.000    clk
    W5                   IBUF (Prop_ibuf_I_O)         1.388    11.388 r  clk_IBUF_inst/O
                         net (fo=1, routed)           1.862    13.250    clk_IBUF
    BUFGCTRL_X0Y0        BUFG (Prop_bufg_I_O)         0.091    13.341 r  clk_IBUF_BUFG_inst/O
                         net (fo=300, routed)         1.612    14.953    u_Track_3/CLK
    SLICE_X51Y103        FDCE                                         r  u_Track_3/current_train_id_reg[2]/C
                         clock pessimism              0.187    15.140    
                         clock uncertainty           -0.035    15.105    
    SLICE_X51Y103        FDCE (Setup_fdce_C_CE)      -0.205    14.900    u_Track_3/current_train_id_reg[2]
  -------------------------------------------------------------------
                         required time                         14.900    
                         arrival time                         -11.500    
  -------------------------------------------------------------------
                         slack                                  3.399    

Slack (MET) :             3.399ns  (required time - arrival time)
  Source:                 u_RealClock/clockcycles_reg[9]/C
                            (rising edge-triggered cell FDCE clocked by sys_clk_pin  {rise@0.000ns fall@5.000ns period=10.000ns})
  Destination:            u_Track_3/current_train_id_reg[4]/CE
                            (rising edge-triggered cell FDCE clocked by sys_clk_pin  {rise@0.000ns fall@5.000ns period=10.000ns})
  Path Group:             sys_clk_pin
  Path Type:              Setup (Max at Slow Process Corner)
  Requirement:            10.000ns  (sys_clk_pin rise@10.000ns - sys_clk_pin rise@0.000ns)
  Data Path Delay:        6.357ns  (logic 1.278ns (20.103%)  route 5.079ns (79.898%))
  Logic Levels:           4  (LUT4=1 LUT5=2 LUT6=1)
  Clock Path Skew:        -0.003ns (DCD - SCD + CPR)
    Destination Clock Delay (DCD):    4.953ns = ( 14.953 - 10.000 ) 
    Source Clock Delay      (SCD):    5.143ns
    Clock Pessimism Removal (CPR):    0.187ns
  Clock Uncertainty:      0.035ns  ((TSJ^2 + TIJ^2)^1/2 + DJ) / 2 + PE
    Total System Jitter     (TSJ):    0.071ns
    Total Input Jitter      (TIJ):    0.000ns
    Discrete Jitter          (DJ):    0.000ns
    Phase Error              (PE):    0.000ns

    Location             Delay type                Incr(ns)  Path(ns)    Netlist Resource(s)
  -------------------------------------------------------------------    -------------------
                         (clock sys_clk_pin rise edge)
                                                      0.000     0.000 r  
    W5                                                0.000     0.000 r  clk (IN)
                         net (fo=0)                   0.000     0.000    clk
    W5                   IBUF (Prop_ibuf_I_O)         1.458     1.458 r  clk_IBUF_inst/O
                         net (fo=1, routed)           1.967     3.425    clk_IBUF
    BUFGCTRL_X0Y0        BUFG (Prop_bufg_I_O)         0.096     3.521 r  clk_IBUF_BUFG_inst/O
                         net (fo=300, routed)         1.622     5.143    u_RealClock/CLK
    SLICE_X60Y88         FDCE                                         r  u_RealClock/clockcycles_reg[9]/C
  -------------------------------------------------------------------    -------------------
    SLICE_X60Y88         FDCE (Prop_fdce_C_Q)         0.518     5.661 f  u_RealClock/clockcycles_reg[9]/Q
                         net (fo=2, routed)           0.676     6.337    u_RealClock/clockcycles[9]
    SLICE_X60Y87         LUT4 (Prop_lut4_I1_O)        0.124     6.461 r  u_RealClock/clockcycles[31]_i_7/O
                         net (fo=1, routed)           0.427     6.888    u_RealClock/clockcycles[31]_i_7_n_0
    SLICE_X60Y86         LUT5 (Prop_lut5_I4_O)        0.124     7.012 r  u_RealClock/clockcycles[31]_i_3/O
                         net (fo=33, routed)          1.041     8.053    u_RealClock/clockcycles[31]_i_3_n_0
    SLICE_X60Y90         LUT5 (Prop_lut5_I2_O)        0.157     8.210 r  u_RealClock/current_train_id[7]_i_3__5/O
                         net (fo=11, routed)          2.243    10.453    u_Turnout_P2/current_train_id_reg[0]_3
    SLICE_X52Y103        LUT6 (Prop_lut6_I0_O)        0.355    10.808 r  u_Turnout_P2/current_train_id[7]_i_1__4/O
                         net (fo=8, routed)           0.692    11.500    u_Track_3/E[0]
    SLICE_X51Y103        FDCE                                         r  u_Track_3/current_train_id_reg[4]/CE
  -------------------------------------------------------------------    -------------------

                         (clock sys_clk_pin rise edge)
                                                     10.000    10.000 r  
    W5                                                0.000    10.000 r  clk (IN)
                         net (fo=0)                   0.000    10.000    clk
    W5                   IBUF (Prop_ibuf_I_O)         1.388    11.388 r  clk_IBUF_inst/O
                         net (fo=1, routed)           1.862    13.250    clk_IBUF
    BUFGCTRL_X0Y0        BUFG (Prop_bufg_I_O)         0.091    13.341 r  clk_IBUF_BUFG_inst/O
                         net (fo=300, routed)         1.612    14.953    u_Track_3/CLK
    SLICE_X51Y103        FDCE                                         r  u_Track_3/current_train_id_reg[4]/C
                         clock pessimism              0.187    15.140    
                         clock uncertainty           -0.035    15.105    
    SLICE_X51Y103        FDCE (Setup_fdce_C_CE)      -0.205    14.900    u_Track_3/current_train_id_reg[4]
  -------------------------------------------------------------------
                         required time                         14.900    
                         arrival time                         -11.500    
  -------------------------------------------------------------------
                         slack                                  3.399    

Slack (MET) :             3.399ns  (required time - arrival time)
  Source:                 u_RealClock/clockcycles_reg[9]/C
                            (rising edge-triggered cell FDCE clocked by sys_clk_pin  {rise@0.000ns fall@5.000ns period=10.000ns})
  Destination:            u_Track_3/current_train_id_reg[6]/CE
                            (rising edge-triggered cell FDCE clocked by sys_clk_pin  {rise@0.000ns fall@5.000ns period=10.000ns})
  Path Group:             sys_clk_pin
  Path Type:              Setup (Max at Slow Process Corner)
  Requirement:            10.000ns  (sys_clk_pin rise@10.000ns - sys_clk_pin rise@0.000ns)
  Data Path Delay:        6.357ns  (logic 1.278ns (20.103%)  route 5.079ns (79.898%))
  Logic Levels:           4  (LUT4=1 LUT5=2 LUT6=1)
  Clock Path Skew:        -0.003ns (DCD - SCD + CPR)
    Destination Clock Delay (DCD):    4.953ns = ( 14.953 - 10.000 ) 
    Source Clock Delay      (SCD):    5.143ns
    Clock Pessimism Removal (CPR):    0.187ns
  Clock Uncertainty:      0.035ns  ((TSJ^2 + TIJ^2)^1/2 + DJ) / 2 + PE
    Total System Jitter     (TSJ):    0.071ns
    Total Input Jitter      (TIJ):    0.000ns
    Discrete Jitter          (DJ):    0.000ns
    Phase Error              (PE):    0.000ns

    Location             Delay type                Incr(ns)  Path(ns)    Netlist Resource(s)
  -------------------------------------------------------------------    -------------------
                         (clock sys_clk_pin rise edge)
                                                      0.000     0.000 r  
    W5                                                0.000     0.000 r  clk (IN)
                         net (fo=0)                   0.000     0.000    clk
    W5                   IBUF (Prop_ibuf_I_O)         1.458     1.458 r  clk_IBUF_inst/O
                         net (fo=1, routed)           1.967     3.425    clk_IBUF
    BUFGCTRL_X0Y0        BUFG (Prop_bufg_I_O)         0.096     3.521 r  clk_IBUF_BUFG_inst/O
                         net (fo=300, routed)         1.622     5.143    u_RealClock/CLK
    SLICE_X60Y88         FDCE                                         r  u_RealClock/clockcycles_reg[9]/C
  -------------------------------------------------------------------    -------------------
    SLICE_X60Y88         FDCE (Prop_fdce_C_Q)         0.518     5.661 f  u_RealClock/clockcycles_reg[9]/Q
                         net (fo=2, routed)           0.676     6.337    u_RealClock/clockcycles[9]
    SLICE_X60Y87         LUT4 (Prop_lut4_I1_O)        0.124     6.461 r  u_RealClock/clockcycles[31]_i_7/O
                         net (fo=1, routed)           0.427     6.888    u_RealClock/clockcycles[31]_i_7_n_0
    SLICE_X60Y86         LUT5 (Prop_lut5_I4_O)        0.124     7.012 r  u_RealClock/clockcycles[31]_i_3/O
                         net (fo=33, routed)          1.041     8.053    u_RealClock/clockcycles[31]_i_3_n_0
    SLICE_X60Y90         LUT5 (Prop_lut5_I2_O)        0.157     8.210 r  u_RealClock/current_train_id[7]_i_3__5/O
                         net (fo=11, routed)          2.243    10.453    u_Turnout_P2/current_train_id_reg[0]_3
    SLICE_X52Y103        LUT6 (Prop_lut6_I0_O)        0.355    10.808 r  u_Turnout_P2/current_train_id[7]_i_1__4/O
                         net (fo=8, routed)           0.692    11.500    u_Track_3/E[0]
    SLICE_X51Y103        FDCE                                         r  u_Track_3/current_train_id_reg[6]/CE
  -------------------------------------------------------------------    -------------------

                         (clock sys_clk_pin rise edge)
                                                     10.000    10.000 r  
    W5                                                0.000    10.000 r  clk (IN)
                         net (fo=0)                   0.000    10.000    clk
    W5                   IBUF (Prop_ibuf_I_O)         1.388    11.388 r  clk_IBUF_inst/O
                         net (fo=1, routed)           1.862    13.250    clk_IBUF
    BUFGCTRL_X0Y0        BUFG (Prop_bufg_I_O)         0.091    13.341 r  clk_IBUF_BUFG_inst/O
                         net (fo=300, routed)         1.612    14.953    u_Track_3/CLK
    SLICE_X51Y103        FDCE                                         r  u_Track_3/current_train_id_reg[6]/C
                         clock pessimism              0.187    15.140    
                         clock uncertainty           -0.035    15.105    
    SLICE_X51Y103        FDCE (Setup_fdce_C_CE)      -0.205    14.900    u_Track_3/current_train_id_reg[6]
  -------------------------------------------------------------------
                         required time                         14.900    
                         arrival time                         -11.500    
  -------------------------------------------------------------------
                         slack                                  3.399    

Slack (MET) :             3.399ns  (required time - arrival time)
  Source:                 u_RealClock/clockcycles_reg[9]/C
                            (rising edge-triggered cell FDCE clocked by sys_clk_pin  {rise@0.000ns fall@5.000ns period=10.000ns})
  Destination:            u_Track_3/current_train_id_reg[7]/CE
                            (rising edge-triggered cell FDCE clocked by sys_clk_pin  {rise@0.000ns fall@5.000ns period=10.000ns})
  Path Group:             sys_clk_pin
  Path Type:              Setup (Max at Slow Process Corner)
  Requirement:            10.000ns  (sys_clk_pin rise@10.000ns - sys_clk_pin rise@0.000ns)
  Data Path Delay:        6.357ns  (logic 1.278ns (20.103%)  route 5.079ns (79.898%))
  Logic Levels:           4  (LUT4=1 LUT5=2 LUT6=1)
  Clock Path Skew:        -0.003ns (DCD - SCD + CPR)
    Destination Clock Delay (DCD):    4.953ns = ( 14.953 - 10.000 ) 
    Source Clock Delay      (SCD):    5.143ns
    Clock Pessimism Removal (CPR):    0.187ns
  Clock Uncertainty:      0.035ns  ((TSJ^2 + TIJ^2)^1/2 + DJ) / 2 + PE
    Total System Jitter     (TSJ):    0.071ns
    Total Input Jitter      (TIJ):    0.000ns
    Discrete Jitter          (DJ):    0.000ns
    Phase Error              (PE):    0.000ns

    Location             Delay type                Incr(ns)  Path(ns)    Netlist Resource(s)
  -------------------------------------------------------------------    -------------------
                         (clock sys_clk_pin rise edge)
                                                      0.000     0.000 r  
    W5                                                0.000     0.000 r  clk (IN)
                         net (fo=0)                   0.000     0.000    clk
    W5                   IBUF (Prop_ibuf_I_O)         1.458     1.458 r  clk_IBUF_inst/O
                         net (fo=1, routed)           1.967     3.425    clk_IBUF
    BUFGCTRL_X0Y0        BUFG (Prop_bufg_I_O)         0.096     3.521 r  clk_IBUF_BUFG_inst/O
                         net (fo=300, routed)         1.622     5.143    u_RealClock/CLK
    SLICE_X60Y88         FDCE                                         r  u_RealClock/clockcycles_reg[9]/C
  -------------------------------------------------------------------    -------------------
    SLICE_X60Y88         FDCE (Prop_fdce_C_Q)         0.518     5.661 f  u_RealClock/clockcycles_reg[9]/Q
                         net (fo=2, routed)           0.676     6.337    u_RealClock/clockcycles[9]
    SLICE_X60Y87         LUT4 (Prop_lut4_I1_O)        0.124     6.461 r  u_RealClock/clockcycles[31]_i_7/O
                         net (fo=1, routed)           0.427     6.888    u_RealClock/clockcycles[31]_i_7_n_0
    SLICE_X60Y86         LUT5 (Prop_lut5_I4_O)        0.124     7.012 r  u_RealClock/clockcycles[31]_i_3/O
                         net (fo=33, routed)          1.041     8.053    u_RealClock/clockcycles[31]_i_3_n_0
    SLICE_X60Y90         LUT5 (Prop_lut5_I2_O)        0.157     8.210 r  u_RealClock/current_train_id[7]_i_3__5/O
                         net (fo=11, routed)          2.243    10.453    u_Turnout_P2/current_train_id_reg[0]_3
    SLICE_X52Y103        LUT6 (Prop_lut6_I0_O)        0.355    10.808 r  u_Turnout_P2/current_train_id[7]_i_1__4/O
                         net (fo=8, routed)           0.692    11.500    u_Track_3/E[0]
    SLICE_X51Y103        FDCE                                         r  u_Track_3/current_train_id_reg[7]/CE
  -------------------------------------------------------------------    -------------------

                         (clock sys_clk_pin rise edge)
                                                     10.000    10.000 r  
    W5                                                0.000    10.000 r  clk (IN)
                         net (fo=0)                   0.000    10.000    clk
    W5                   IBUF (Prop_ibuf_I_O)         1.388    11.388 r  clk_IBUF_inst/O
                         net (fo=1, routed)           1.862    13.250    clk_IBUF
    BUFGCTRL_X0Y0        BUFG (Prop_bufg_I_O)         0.091    13.341 r  clk_IBUF_BUFG_inst/O
                         net (fo=300, routed)         1.612    14.953    u_Track_3/CLK
    SLICE_X51Y103        FDCE                                         r  u_Track_3/current_train_id_reg[7]/C
                         clock pessimism              0.187    15.140    
                         clock uncertainty           -0.035    15.105    
    SLICE_X51Y103        FDCE (Setup_fdce_C_CE)      -0.205    14.900    u_Track_3/current_train_id_reg[7]
  -------------------------------------------------------------------
                         required time                         14.900    
                         arrival time                         -11.500    
  -------------------------------------------------------------------
                         slack                                  3.399    

Slack (MET) :             3.579ns  (required time - arrival time)
  Source:                 u_RealClock/clockcycles_reg[9]/C
                            (rising edge-triggered cell FDCE clocked by sys_clk_pin  {rise@0.000ns fall@5.000ns period=10.000ns})
  Destination:            u_Track_2/current_train_id_reg[1]/CE
                            (rising edge-triggered cell FDCE clocked by sys_clk_pin  {rise@0.000ns fall@5.000ns period=10.000ns})
  Path Group:             sys_clk_pin
  Path Type:              Setup (Max at Slow Process Corner)
  Requirement:            10.000ns  (sys_clk_pin rise@10.000ns - sys_clk_pin rise@0.000ns)
  Data Path Delay:        6.179ns  (logic 1.278ns (20.684%)  route 4.901ns (79.316%))
  Logic Levels:           4  (LUT4=1 LUT5=2 LUT6=1)
  Clock Path Skew:        -0.002ns (DCD - SCD + CPR)
    Destination Clock Delay (DCD):    4.954ns = ( 14.954 - 10.000 ) 
    Source Clock Delay      (SCD):    5.143ns
    Clock Pessimism Removal (CPR):    0.187ns
  Clock Uncertainty:      0.035ns  ((TSJ^2 + TIJ^2)^1/2 + DJ) / 2 + PE
    Total System Jitter     (TSJ):    0.071ns
    Total Input Jitter      (TIJ):    0.000ns
    Discrete Jitter          (DJ):    0.000ns
    Phase Error              (PE):    0.000ns

    Location             Delay type                Incr(ns)  Path(ns)    Netlist Resource(s)
  -------------------------------------------------------------------    -------------------
                         (clock sys_clk_pin rise edge)
                                                      0.000     0.000 r  
    W5                                                0.000     0.000 r  clk (IN)
                         net (fo=0)                   0.000     0.000    clk
    W5                   IBUF (Prop_ibuf_I_O)         1.458     1.458 r  clk_IBUF_inst/O
                         net (fo=1, routed)           1.967     3.425    clk_IBUF
    BUFGCTRL_X0Y0        BUFG (Prop_bufg_I_O)         0.096     3.521 r  clk_IBUF_BUFG_inst/O
                         net (fo=300, routed)         1.622     5.143    u_RealClock/CLK
    SLICE_X60Y88         FDCE                                         r  u_RealClock/clockcycles_reg[9]/C
  -------------------------------------------------------------------    -------------------
    SLICE_X60Y88         FDCE (Prop_fdce_C_Q)         0.518     5.661 f  u_RealClock/clockcycles_reg[9]/Q
                         net (fo=2, routed)           0.676     6.337    u_RealClock/clockcycles[9]
    SLICE_X60Y87         LUT4 (Prop_lut4_I1_O)        0.124     6.461 r  u_RealClock/clockcycles[31]_i_7/O
                         net (fo=1, routed)           0.427     6.888    u_RealClock/clockcycles[31]_i_7_n_0
    SLICE_X60Y86         LUT5 (Prop_lut5_I4_O)        0.124     7.012 r  u_RealClock/clockcycles[31]_i_3/O
                         net (fo=33, routed)          1.041     8.053    u_RealClock/clockcycles[31]_i_3_n_0
    SLICE_X60Y90         LUT5 (Prop_lut5_I2_O)        0.157     8.210 r  u_RealClock/current_train_id[7]_i_3__5/O
                         net (fo=11, routed)          2.144    10.355    u_Turnout_P2/current_train_id_reg[0]_3
    SLICE_X53Y102        LUT6 (Prop_lut6_I0_O)        0.355    10.710 r  u_Turnout_P2/current_train_id[7]_i_1__5/O
                         net (fo=8, routed)           0.612    11.321    u_Track_2/E[0]
    SLICE_X53Y102        FDCE                                         r  u_Track_2/current_train_id_reg[1]/CE
  -------------------------------------------------------------------    -------------------

                         (clock sys_clk_pin rise edge)
                                                     10.000    10.000 r  
    W5                                                0.000    10.000 r  clk (IN)
                         net (fo=0)                   0.000    10.000    clk
    W5                   IBUF (Prop_ibuf_I_O)         1.388    11.388 r  clk_IBUF_inst/O
                         net (fo=1, routed)           1.862    13.250    clk_IBUF
    BUFGCTRL_X0Y0        BUFG (Prop_bufg_I_O)         0.091    13.341 r  clk_IBUF_BUFG_inst/O
                         net (fo=300, routed)         1.613    14.954    u_Track_2/CLK
    SLICE_X53Y102        FDCE                                         r  u_Track_2/current_train_id_reg[1]/C
                         clock pessimism              0.187    15.141    
                         clock uncertainty           -0.035    15.106    
    SLICE_X53Y102        FDCE (Setup_fdce_C_CE)      -0.205    14.901    u_Track_2/current_train_id_reg[1]
  -------------------------------------------------------------------
                         required time                         14.901    
                         arrival time                         -11.321    
  -------------------------------------------------------------------
                         slack                                  3.579    

Slack (MET) :             3.579ns  (required time - arrival time)
  Source:                 u_RealClock/clockcycles_reg[9]/C
                            (rising edge-triggered cell FDCE clocked by sys_clk_pin  {rise@0.000ns fall@5.000ns period=10.000ns})
  Destination:            u_Track_2/current_train_id_reg[5]/CE
                            (rising edge-triggered cell FDCE clocked by sys_clk_pin  {rise@0.000ns fall@5.000ns period=10.000ns})
  Path Group:             sys_clk_pin
  Path Type:              Setup (Max at Slow Process Corner)
  Requirement:            10.000ns  (sys_clk_pin rise@10.000ns - sys_clk_pin rise@0.000ns)
  Data Path Delay:        6.179ns  (logic 1.278ns (20.684%)  route 4.901ns (79.316%))
  Logic Levels:           4  (LUT4=1 LUT5=2 LUT6=1)
  Clock Path Skew:        -0.002ns (DCD - SCD + CPR)
    Destination Clock Delay (DCD):    4.954ns = ( 14.954 - 10.000 ) 
    Source Clock Delay      (SCD):    5.143ns
    Clock Pessimism Removal (CPR):    0.187ns
  Clock Uncertainty:      0.035ns  ((TSJ^2 + TIJ^2)^1/2 + DJ) / 2 + PE
    Total System Jitter     (TSJ):    0.071ns
    Total Input Jitter      (TIJ):    0.000ns
    Discrete Jitter          (DJ):    0.000ns
    Phase Error              (PE):    0.000ns

    Location             Delay type                Incr(ns)  Path(ns)    Netlist Resource(s)
  -------------------------------------------------------------------    -------------------
                         (clock sys_clk_pin rise edge)
                                                      0.000     0.000 r  
    W5                                                0.000     0.000 r  clk (IN)
                         net (fo=0)                   0.000     0.000    clk
    W5                   IBUF (Prop_ibuf_I_O)         1.458     1.458 r  clk_IBUF_inst/O
                         net (fo=1, routed)           1.967     3.425    clk_IBUF
    BUFGCTRL_X0Y0        BUFG (Prop_bufg_I_O)         0.096     3.521 r  clk_IBUF_BUFG_inst/O
                         net (fo=300, routed)         1.622     5.143    u_RealClock/CLK
    SLICE_X60Y88         FDCE                                         r  u_RealClock/clockcycles_reg[9]/C
  -------------------------------------------------------------------    -------------------
    SLICE_X60Y88         FDCE (Prop_fdce_C_Q)         0.518     5.661 f  u_RealClock/clockcycles_reg[9]/Q
                         net (fo=2, routed)           0.676     6.337    u_RealClock/clockcycles[9]
    SLICE_X60Y87         LUT4 (Prop_lut4_I1_O)        0.124     6.461 r  u_RealClock/clockcycles[31]_i_7/O
                         net (fo=1, routed)           0.427     6.888    u_RealClock/clockcycles[31]_i_7_n_0
    SLICE_X60Y86         LUT5 (Prop_lut5_I4_O)        0.124     7.012 r  u_RealClock/clockcycles[31]_i_3/O
                         net (fo=33, routed)          1.041     8.053    u_RealClock/clockcycles[31]_i_3_n_0
    SLICE_X60Y90         LUT5 (Prop_lut5_I2_O)        0.157     8.210 r  u_RealClock/current_train_id[7]_i_3__5/O
                         net (fo=11, routed)          2.144    10.355    u_Turnout_P2/current_train_id_reg[0]_3
    SLICE_X53Y102        LUT6 (Prop_lut6_I0_O)        0.355    10.710 r  u_Turnout_P2/current_train_id[7]_i_1__5/O
                         net (fo=8, routed)           0.612    11.321    u_Track_2/E[0]
    SLICE_X53Y102        FDCE                                         r  u_Track_2/current_train_id_reg[5]/CE
  -------------------------------------------------------------------    -------------------

                         (clock sys_clk_pin rise edge)
                                                     10.000    10.000 r  
    W5                                                0.000    10.000 r  clk (IN)
                         net (fo=0)                   0.000    10.000    clk
    W5                   IBUF (Prop_ibuf_I_O)         1.388    11.388 r  clk_IBUF_inst/O
                         net (fo=1, routed)           1.862    13.250    clk_IBUF
    BUFGCTRL_X0Y0        BUFG (Prop_bufg_I_O)         0.091    13.341 r  clk_IBUF_BUFG_inst/O
                         net (fo=300, routed)         1.613    14.954    u_Track_2/CLK
    SLICE_X53Y102        FDCE                                         r  u_Track_2/current_train_id_reg[5]/C
                         clock pessimism              0.187    15.141    
                         clock uncertainty           -0.035    15.106    
    SLICE_X53Y102        FDCE (Setup_fdce_C_CE)      -0.205    14.901    u_Track_2/current_train_id_reg[5]
  -------------------------------------------------------------------
                         required time                         14.901    
                         arrival time                         -11.321    
  -------------------------------------------------------------------
                         slack                                  3.579    

Slack (MET) :             3.585ns  (required time - arrival time)
  Source:                 u_Turnout_P1/position_reg[1]/C
                            (rising edge-triggered cell FDCE clocked by sys_clk_pin  {rise@0.000ns fall@5.000ns period=10.000ns})
  Destination:            u_Turnout_P1/current_train_id_reg[6]/D
                            (rising edge-triggered cell FDCE clocked by sys_clk_pin  {rise@0.000ns fall@5.000ns period=10.000ns})
  Path Group:             sys_clk_pin
  Path Type:              Setup (Max at Slow Process Corner)
  Requirement:            10.000ns  (sys_clk_pin rise@10.000ns - sys_clk_pin rise@0.000ns)
  Data Path Delay:        6.388ns  (logic 1.472ns (23.043%)  route 4.916ns (76.957%))
  Logic Levels:           4  (LUT5=2 LUT6=2)
  Clock Path Skew:        -0.024ns (DCD - SCD + CPR)
    Destination Clock Delay (DCD):    4.955ns = ( 14.955 - 10.000 ) 
    Source Clock Delay      (SCD):    5.260ns
    Clock Pessimism Removal (CPR):    0.281ns
  Clock Uncertainty:      0.035ns  ((TSJ^2 + TIJ^2)^1/2 + DJ) / 2 + PE
    Total System Jitter     (TSJ):    0.071ns
    Total Input Jitter      (TIJ):    0.000ns
    Discrete Jitter          (DJ):    0.000ns
    Phase Error              (PE):    0.000ns

    Location             Delay type                Incr(ns)  Path(ns)    Netlist Resource(s)
  -------------------------------------------------------------------    -------------------
                         (clock sys_clk_pin rise edge)
                                                      0.000     0.000 r  
    W5                                                0.000     0.000 r  clk (IN)
                         net (fo=0)                   0.000     0.000    clk
    W5                   IBUF (Prop_ibuf_I_O)         1.458     1.458 r  clk_IBUF_inst/O
                         net (fo=1, routed)           1.967     3.425    clk_IBUF
    BUFGCTRL_X0Y0        BUFG (Prop_bufg_I_O)         0.096     3.521 r  clk_IBUF_BUFG_inst/O
                         net (fo=300, routed)         1.739     5.260    u_Turnout_P1/CLK
    SLICE_X56Y103        FDCE                                         r  u_Turnout_P1/position_reg[1]/C
  -------------------------------------------------------------------    -------------------
    SLICE_X56Y103        FDCE (Prop_fdce_C_Q)         0.518     5.778 f  u_Turnout_P1/position_reg[1]/Q
                         net (fo=23, routed)          1.617     7.396    u_FSM_6/turnout_pos[2][1]
    SLICE_X55Y97         LUT5 (Prop_lut5_I1_O)        0.150     7.546 r  u_FSM_6/current_train_id[7]_i_14__0/O
                         net (fo=8, routed)           1.423     8.969    u_Track_2/current_train_id_reg[1]_4
    SLICE_X52Y101        LUT6 (Prop_lut6_I3_O)        0.326     9.295 f  u_Track_2/current_train_id[1]_i_2__4/O
                         net (fo=4, routed)           0.967    10.262    u_Track_2/current_train_id[1]_i_2__4_n_0
    SLICE_X55Y101        LUT5 (Prop_lut5_I2_O)        0.152    10.414 r  u_Track_2/current_train_id[7]_i_6__4/O
                         net (fo=7, routed)           0.908    11.322    u_Track_2/current_train_id[7]_i_6__4_n_0
    SLICE_X57Y102        LUT6 (Prop_lut6_I1_O)        0.326    11.648 r  u_Track_2/current_train_id[6]_i_1__0/O
                         net (fo=1, routed)           0.000    11.648    u_Turnout_P1/current_train_id_reg[7]_6[6]
    SLICE_X57Y102        FDCE                                         r  u_Turnout_P1/current_train_id_reg[6]/D
  -------------------------------------------------------------------    -------------------

                         (clock sys_clk_pin rise edge)
                                                     10.000    10.000 r  
    W5                                                0.000    10.000 r  clk (IN)
                         net (fo=0)                   0.000    10.000    clk
    W5                   IBUF (Prop_ibuf_I_O)         1.388    11.388 r  clk_IBUF_inst/O
                         net (fo=1, routed)           1.862    13.250    clk_IBUF
    BUFGCTRL_X0Y0        BUFG (Prop_bufg_I_O)         0.091    13.341 r  clk_IBUF_BUFG_inst/O
                         net (fo=300, routed)         1.614    14.955    u_Turnout_P1/CLK
    SLICE_X57Y102        FDCE                                         r  u_Turnout_P1/current_train_id_reg[6]/C
                         clock pessimism              0.281    15.236    
                         clock uncertainty           -0.035    15.201    
    SLICE_X57Y102        FDCE (Setup_fdce_C_D)        0.032    15.233    u_Turnout_P1/current_train_id_reg[6]
  -------------------------------------------------------------------
                         required time                         15.233    
                         arrival time                         -11.648    
  -------------------------------------------------------------------
                         slack                                  3.585    

Slack (MET) :             3.625ns  (required time - arrival time)
  Source:                 u_RealClock/clockcycles_reg[9]/C
                            (rising edge-triggered cell FDCE clocked by sys_clk_pin  {rise@0.000ns fall@5.000ns period=10.000ns})
  Destination:            u_Track_3/current_train_id_reg[1]/CE
                            (rising edge-triggered cell FDCE clocked by sys_clk_pin  {rise@0.000ns fall@5.000ns period=10.000ns})
  Path Group:             sys_clk_pin
  Path Type:              Setup (Max at Slow Process Corner)
  Requirement:            10.000ns  (sys_clk_pin rise@10.000ns - sys_clk_pin rise@0.000ns)
  Data Path Delay:        6.168ns  (logic 1.278ns (20.719%)  route 4.890ns (79.281%))
  Logic Levels:           4  (LUT4=1 LUT5=2 LUT6=1)
  Clock Path Skew:        -0.003ns (DCD - SCD + CPR)
    Destination Clock Delay (DCD):    4.953ns = ( 14.953 - 10.000 ) 
    Source Clock Delay      (SCD):    5.143ns
    Clock Pessimism Removal (CPR):    0.187ns
  Clock Uncertainty:      0.035ns  ((TSJ^2 + TIJ^2)^1/2 + DJ) / 2 + PE
    Total System Jitter     (TSJ):    0.071ns
    Total Input Jitter      (TIJ):    0.000ns
    Discrete Jitter          (DJ):    0.000ns
    Phase Error              (PE):    0.000ns

    Location             Delay type                Incr(ns)  Path(ns)    Netlist Resource(s)
  -------------------------------------------------------------------    -------------------
                         (clock sys_clk_pin rise edge)
                                                      0.000     0.000 r  
    W5                                                0.000     0.000 r  clk (IN)
                         net (fo=0)                   0.000     0.000    clk
    W5                   IBUF (Prop_ibuf_I_O)         1.458     1.458 r  clk_IBUF_inst/O
                         net (fo=1, routed)           1.967     3.425    clk_IBUF
    BUFGCTRL_X0Y0        BUFG (Prop_bufg_I_O)         0.096     3.521 r  clk_IBUF_BUFG_inst/O
                         net (fo=300, routed)         1.622     5.143    u_RealClock/CLK
    SLICE_X60Y88         FDCE                                         r  u_RealClock/clockcycles_reg[9]/C
  -------------------------------------------------------------------    -------------------
    SLICE_X60Y88         FDCE (Prop_fdce_C_Q)         0.518     5.661 f  u_RealClock/clockcycles_reg[9]/Q
                         net (fo=2, routed)           0.676     6.337    u_RealClock/clockcycles[9]
    SLICE_X60Y87         LUT4 (Prop_lut4_I1_O)        0.124     6.461 r  u_RealClock/clockcycles[31]_i_7/O
                         net (fo=1, routed)           0.427     6.888    u_RealClock/clockcycles[31]_i_7_n_0
    SLICE_X60Y86         LUT5 (Prop_lut5_I4_O)        0.124     7.012 r  u_RealClock/clockcycles[31]_i_3/O
                         net (fo=33, routed)          1.041     8.053    u_RealClock/clockcycles[31]_i_3_n_0
    SLICE_X60Y90         LUT5 (Prop_lut5_I2_O)        0.157     8.210 r  u_RealClock/current_train_id[7]_i_3__5/O
                         net (fo=11, routed)          2.243    10.453    u_Turnout_P2/current_train_id_reg[0]_3
    SLICE_X52Y103        LUT6 (Prop_lut6_I0_O)        0.355    10.808 r  u_Turnout_P2/current_train_id[7]_i_1__4/O
                         net (fo=8, routed)           0.503    11.311    u_Track_3/E[0]
    SLICE_X50Y103        FDCE                                         r  u_Track_3/current_train_id_reg[1]/CE
  -------------------------------------------------------------------    -------------------

                         (clock sys_clk_pin rise edge)
                                                     10.000    10.000 r  
    W5                                                0.000    10.000 r  clk (IN)
                         net (fo=0)                   0.000    10.000    clk
    W5                   IBUF (Prop_ibuf_I_O)         1.388    11.388 r  clk_IBUF_inst/O
                         net (fo=1, routed)           1.862    13.250    clk_IBUF
    BUFGCTRL_X0Y0        BUFG (Prop_bufg_I_O)         0.091    13.341 r  clk_IBUF_BUFG_inst/O
                         net (fo=300, routed)         1.612    14.953    u_Track_3/CLK
    SLICE_X50Y103        FDCE                                         r  u_Track_3/current_train_id_reg[1]/C
                         clock pessimism              0.187    15.140    
                         clock uncertainty           -0.035    15.105    
    SLICE_X50Y103        FDCE (Setup_fdce_C_CE)      -0.169    14.936    u_Track_3/current_train_id_reg[1]
  -------------------------------------------------------------------
                         required time                         14.936    
                         arrival time                         -11.311    
  -------------------------------------------------------------------
                         slack                                  3.625    

Slack (MET) :             3.648ns  (required time - arrival time)
  Source:                 u_RealClock/clockcycles_reg[9]/C
                            (rising edge-triggered cell FDCE clocked by sys_clk_pin  {rise@0.000ns fall@5.000ns period=10.000ns})
  Destination:            u_Track_2/current_train_id_reg[6]/CE
                            (rising edge-triggered cell FDCE clocked by sys_clk_pin  {rise@0.000ns fall@5.000ns period=10.000ns})
  Path Group:             sys_clk_pin
  Path Type:              Setup (Max at Slow Process Corner)
  Requirement:            10.000ns  (sys_clk_pin rise@10.000ns - sys_clk_pin rise@0.000ns)
  Data Path Delay:        6.109ns  (logic 1.278ns (20.919%)  route 4.831ns (79.081%))
  Logic Levels:           4  (LUT4=1 LUT5=2 LUT6=1)
  Clock Path Skew:        -0.002ns (DCD - SCD + CPR)
    Destination Clock Delay (DCD):    4.954ns = ( 14.954 - 10.000 ) 
    Source Clock Delay      (SCD):    5.143ns
    Clock Pessimism Removal (CPR):    0.187ns
  Clock Uncertainty:      0.035ns  ((TSJ^2 + TIJ^2)^1/2 + DJ) / 2 + PE
    Total System Jitter     (TSJ):    0.071ns
    Total Input Jitter      (TIJ):    0.000ns
    Discrete Jitter          (DJ):    0.000ns
    Phase Error              (PE):    0.000ns

    Location             Delay type                Incr(ns)  Path(ns)    Netlist Resource(s)
  -------------------------------------------------------------------    -------------------
                         (clock sys_clk_pin rise edge)
                                                      0.000     0.000 r  
    W5                                                0.000     0.000 r  clk (IN)
                         net (fo=0)                   0.000     0.000    clk
    W5                   IBUF (Prop_ibuf_I_O)         1.458     1.458 r  clk_IBUF_inst/O
                         net (fo=1, routed)           1.967     3.425    clk_IBUF
    BUFGCTRL_X0Y0        BUFG (Prop_bufg_I_O)         0.096     3.521 r  clk_IBUF_BUFG_inst/O
                         net (fo=300, routed)         1.622     5.143    u_RealClock/CLK
    SLICE_X60Y88         FDCE                                         r  u_RealClock/clockcycles_reg[9]/C
  -------------------------------------------------------------------    -------------------
    SLICE_X60Y88         FDCE (Prop_fdce_C_Q)         0.518     5.661 f  u_RealClock/clockcycles_reg[9]/Q
                         net (fo=2, routed)           0.676     6.337    u_RealClock/clockcycles[9]
    SLICE_X60Y87         LUT4 (Prop_lut4_I1_O)        0.124     6.461 r  u_RealClock/clockcycles[31]_i_7/O
                         net (fo=1, routed)           0.427     6.888    u_RealClock/clockcycles[31]_i_7_n_0
    SLICE_X60Y86         LUT5 (Prop_lut5_I4_O)        0.124     7.012 r  u_RealClock/clockcycles[31]_i_3/O
                         net (fo=33, routed)          1.041     8.053    u_RealClock/clockcycles[31]_i_3_n_0
    SLICE_X60Y90         LUT5 (Prop_lut5_I2_O)        0.157     8.210 r  u_RealClock/current_train_id[7]_i_3__5/O
                         net (fo=11, routed)          2.144    10.355    u_Turnout_P2/current_train_id_reg[0]_3
    SLICE_X53Y102        LUT6 (Prop_lut6_I0_O)        0.355    10.710 r  u_Turnout_P2/current_train_id[7]_i_1__5/O
                         net (fo=8, routed)           0.543    11.252    u_Track_2/E[0]
    SLICE_X53Y101        FDCE                                         r  u_Track_2/current_train_id_reg[6]/CE
  -------------------------------------------------------------------    -------------------

                         (clock sys_clk_pin rise edge)
                                                     10.000    10.000 r  
    W5                                                0.000    10.000 r  clk (IN)
                         net (fo=0)                   0.000    10.000    clk
    W5                   IBUF (Prop_ibuf_I_O)         1.388    11.388 r  clk_IBUF_inst/O
                         net (fo=1, routed)           1.862    13.250    clk_IBUF
    BUFGCTRL_X0Y0        BUFG (Prop_bufg_I_O)         0.091    13.341 r  clk_IBUF_BUFG_inst/O
                         net (fo=300, routed)         1.613    14.954    u_Track_2/CLK
    SLICE_X53Y101        FDCE                                         r  u_Track_2/current_train_id_reg[6]/C
                         clock pessimism              0.187    15.141    
                         clock uncertainty           -0.035    15.106    
    SLICE_X53Y101        FDCE (Setup_fdce_C_CE)      -0.205    14.901    u_Track_2/current_train_id_reg[6]
  -------------------------------------------------------------------
                         required time                         14.901    
                         arrival time                         -11.252    
  -------------------------------------------------------------------
                         slack                                  3.648    





Min Delay Paths
--------------------------------------------------------------------------------------
Slack (MET) :             0.117ns  (arrival time - required time)
  Source:                 u_UartRx/data_reg_reg[2]/C
                            (rising edge-triggered cell FDCE clocked by sys_clk_pin  {rise@0.000ns fall@5.000ns period=10.000ns})
  Destination:            u_UartRx/rx_data_reg[2]/D
                            (rising edge-triggered cell FDCE clocked by sys_clk_pin  {rise@0.000ns fall@5.000ns period=10.000ns})
  Path Group:             sys_clk_pin
  Path Type:              Hold (Min at Fast Process Corner)
  Requirement:            0.000ns  (sys_clk_pin rise@0.000ns - sys_clk_pin rise@0.000ns)
  Data Path Delay:        0.206ns  (logic 0.141ns (68.378%)  route 0.065ns (31.622%))
  Logic Levels:           0  
  Clock Path Skew:        0.013ns (DCD - SCD - CPR)
    Destination Clock Delay (DCD):    1.962ns
    Source Clock Delay      (SCD):    1.447ns
    Clock Pessimism Removal (CPR):    0.502ns

    Location             Delay type                Incr(ns)  Path(ns)    Netlist Resource(s)
  -------------------------------------------------------------------    -------------------
                         (clock sys_clk_pin rise edge)
                                                      0.000     0.000 r  
    W5                                                0.000     0.000 r  clk (IN)
                         net (fo=0)                   0.000     0.000    clk
    W5                   IBUF (Prop_ibuf_I_O)         0.226     0.226 r  clk_IBUF_inst/O
                         net (fo=1, routed)           0.631     0.858    clk_IBUF
    BUFGCTRL_X0Y0        BUFG (Prop_bufg_I_O)         0.026     0.884 r  clk_IBUF_BUFG_inst/O
                         net (fo=300, routed)         0.564     1.447    u_UartRx/CLK
    SLICE_X53Y93         FDCE                                         r  u_UartRx/data_reg_reg[2]/C
  -------------------------------------------------------------------    -------------------
    SLICE_X53Y93         FDCE (Prop_fdce_C_Q)         0.141     1.588 r  u_UartRx/data_reg_reg[2]/Q
                         net (fo=2, routed)           0.065     1.653    u_UartRx/data_reg[2]
    SLICE_X52Y93         FDCE                                         r  u_UartRx/rx_data_reg[2]/D
  -------------------------------------------------------------------    -------------------

                         (clock sys_clk_pin rise edge)
                                                      0.000     0.000 r  
    W5                                                0.000     0.000 r  clk (IN)
                         net (fo=0)                   0.000     0.000    clk
    W5                   IBUF (Prop_ibuf_I_O)         0.414     0.414 r  clk_IBUF_inst/O
                         net (fo=1, routed)           0.685     1.099    clk_IBUF
    BUFGCTRL_X0Y0        BUFG (Prop_bufg_I_O)         0.029     1.128 r  clk_IBUF_BUFG_inst/O
                         net (fo=300, routed)         0.834     1.962    u_UartRx/CLK
    SLICE_X52Y93         FDCE                                         r  u_UartRx/rx_data_reg[2]/C
                         clock pessimism             -0.502     1.460    
    SLICE_X52Y93         FDCE (Hold_fdce_C_D)         0.076     1.536    u_UartRx/rx_data_reg[2]
  -------------------------------------------------------------------
                         required time                         -1.536    
                         arrival time                           1.653    
  -------------------------------------------------------------------
                         slack                                  0.117    

Slack (MET) :             0.176ns  (arrival time - required time)
  Source:                 u_TrainSpawner/train_waiting_reg/C
                            (rising edge-triggered cell FDCE clocked by sys_clk_pin  {rise@0.000ns fall@5.000ns period=10.000ns})
  Destination:            u_TrainSpawner/TrainID_reg[1]/D
                            (rising edge-triggered cell FDCE clocked by sys_clk_pin  {rise@0.000ns fall@5.000ns period=10.000ns})
  Path Group:             sys_clk_pin
  Path Type:              Hold (Min at Fast Process Corner)
  Requirement:            0.000ns  (sys_clk_pin rise@0.000ns - sys_clk_pin rise@0.000ns)
  Data Path Delay:        0.320ns  (logic 0.189ns (59.005%)  route 0.131ns (40.995%))
  Logic Levels:           1  (LUT3=1)
  Clock Path Skew:        0.013ns (DCD - SCD - CPR)
    Destination Clock Delay (DCD):    1.962ns
    Source Clock Delay      (SCD):    1.447ns
    Clock Pessimism Removal (CPR):    0.502ns

    Location             Delay type                Incr(ns)  Path(ns)    Netlist Resource(s)
  -------------------------------------------------------------------    -------------------
                         (clock sys_clk_pin rise edge)
                                                      0.000     0.000 r  
    W5                                                0.000     0.000 r  clk (IN)
                         net (fo=0)                   0.000     0.000    clk
    W5                   IBUF (Prop_ibuf_I_O)         0.226     0.226 r  clk_IBUF_inst/O
                         net (fo=1, routed)           0.631     0.858    clk_IBUF
    BUFGCTRL_X0Y0        BUFG (Prop_bufg_I_O)         0.026     0.884 r  clk_IBUF_BUFG_inst/O
                         net (fo=300, routed)         0.564     1.447    u_TrainSpawner/CLK
    SLICE_X53Y95         FDCE                                         r  u_TrainSpawner/train_waiting_reg/C
  -------------------------------------------------------------------    -------------------
    SLICE_X53Y95         FDCE (Prop_fdce_C_Q)         0.141     1.588 f  u_TrainSpawner/train_waiting_reg/Q
                         net (fo=10, routed)          0.131     1.720    u_UartController/TrainID_reg[7]
    SLICE_X52Y95         LUT3 (Prop_lut3_I1_O)        0.048     1.768 r  u_UartController/TrainID[1]_i_1/O
                         net (fo=1, routed)           0.000     1.768    u_TrainSpawner/D[1]
    SLICE_X52Y95         FDCE                                         r  u_TrainSpawner/TrainID_reg[1]/D
  -------------------------------------------------------------------    -------------------

                         (clock sys_clk_pin rise edge)
                                                      0.000     0.000 r  
    W5                                                0.000     0.000 r  clk (IN)
                         net (fo=0)                   0.000     0.000    clk
    W5                   IBUF (Prop_ibuf_I_O)         0.414     0.414 r  clk_IBUF_inst/O
                         net (fo=1, routed)           0.685     1.099    clk_IBUF
    BUFGCTRL_X0Y0        BUFG (Prop_bufg_I_O)         0.029     1.128 r  clk_IBUF_BUFG_inst/O
                         net (fo=300, routed)         0.834     1.962    u_TrainSpawner/CLK
    SLICE_X52Y95         FDCE                                         r  u_TrainSpawner/TrainID_reg[1]/C
                         clock pessimism             -0.502     1.460    
    SLICE_X52Y95         FDCE (Hold_fdce_C_D)         0.131     1.591    u_TrainSpawner/TrainID_reg[1]
  -------------------------------------------------------------------
                         required time                         -1.591    
                         arrival time                           1.768    
  -------------------------------------------------------------------
                         slack                                  0.176    

Slack (MET) :             0.177ns  (arrival time - required time)
  Source:                 u_UartRx/data_reg_reg[1]/C
                            (rising edge-triggered cell FDCE clocked by sys_clk_pin  {rise@0.000ns fall@5.000ns period=10.000ns})
  Destination:            u_UartRx/rx_data_reg[1]/D
                            (rising edge-triggered cell FDCE clocked by sys_clk_pin  {rise@0.000ns fall@5.000ns period=10.000ns})
  Path Group:             sys_clk_pin
  Path Type:              Hold (Min at Fast Process Corner)
  Requirement:            0.000ns  (sys_clk_pin rise@0.000ns - sys_clk_pin rise@0.000ns)
  Data Path Delay:        0.266ns  (logic 0.141ns (52.911%)  route 0.125ns (47.089%))
  Logic Levels:           0  
  Clock Path Skew:        0.013ns (DCD - SCD - CPR)
    Destination Clock Delay (DCD):    1.962ns
    Source Clock Delay      (SCD):    1.447ns
    Clock Pessimism Removal (CPR):    0.502ns

    Location             Delay type                Incr(ns)  Path(ns)    Netlist Resource(s)
  -------------------------------------------------------------------    -------------------
                         (clock sys_clk_pin rise edge)
                                                      0.000     0.000 r  
    W5                                                0.000     0.000 r  clk (IN)
                         net (fo=0)                   0.000     0.000    clk
    W5                   IBUF (Prop_ibuf_I_O)         0.226     0.226 r  clk_IBUF_inst/O
                         net (fo=1, routed)           0.631     0.858    clk_IBUF
    BUFGCTRL_X0Y0        BUFG (Prop_bufg_I_O)         0.026     0.884 r  clk_IBUF_BUFG_inst/O
                         net (fo=300, routed)         0.564     1.447    u_UartRx/CLK
    SLICE_X53Y93         FDCE                                         r  u_UartRx/data_reg_reg[1]/C
  -------------------------------------------------------------------    -------------------
    SLICE_X53Y93         FDCE (Prop_fdce_C_Q)         0.141     1.588 r  u_UartRx/data_reg_reg[1]/Q
                         net (fo=2, routed)           0.125     1.714    u_UartRx/data_reg[1]
    SLICE_X52Y93         FDCE                                         r  u_UartRx/rx_data_reg[1]/D
  -------------------------------------------------------------------    -------------------

                         (clock sys_clk_pin rise edge)
                                                      0.000     0.000 r  
    W5                                                0.000     0.000 r  clk (IN)
                         net (fo=0)                   0.000     0.000    clk
    W5                   IBUF (Prop_ibuf_I_O)         0.414     0.414 r  clk_IBUF_inst/O
                         net (fo=1, routed)           0.685     1.099    clk_IBUF
    BUFGCTRL_X0Y0        BUFG (Prop_bufg_I_O)         0.029     1.128 r  clk_IBUF_BUFG_inst/O
                         net (fo=300, routed)         0.834     1.962    u_UartRx/CLK
    SLICE_X52Y93         FDCE                                         r  u_UartRx/rx_data_reg[1]/C
                         clock pessimism             -0.502     1.460    
    SLICE_X52Y93         FDCE (Hold_fdce_C_D)         0.076     1.536    u_UartRx/rx_data_reg[1]
  -------------------------------------------------------------------
                         required time                         -1.536    
                         arrival time                           1.714    
  -------------------------------------------------------------------
                         slack                                  0.177    

Slack (MET) :             0.180ns  (arrival time - required time)
  Source:                 u_TrainSpawner/train_waiting_reg/C
                            (rising edge-triggered cell FDCE clocked by sys_clk_pin  {rise@0.000ns fall@5.000ns period=10.000ns})
  Destination:            u_TrainSpawner/TrainID_reg[3]/D
                            (rising edge-triggered cell FDCE clocked by sys_clk_pin  {rise@0.000ns fall@5.000ns period=10.000ns})
  Path Group:             sys_clk_pin
  Path Type:              Hold (Min at Fast Process Corner)
  Requirement:            0.000ns  (sys_clk_pin rise@0.000ns - sys_clk_pin rise@0.000ns)
  Data Path Delay:        0.324ns  (logic 0.189ns (58.277%)  route 0.135ns (41.723%))
  Logic Levels:           1  (LUT3=1)
  Clock Path Skew:        0.013ns (DCD - SCD - CPR)
    Destination Clock Delay (DCD):    1.962ns
    Source Clock Delay      (SCD):    1.447ns
    Clock Pessimism Removal (CPR):    0.502ns

    Location             Delay type                Incr(ns)  Path(ns)    Netlist Resource(s)
  -------------------------------------------------------------------    -------------------
                         (clock sys_clk_pin rise edge)
                                                      0.000     0.000 r  
    W5                                                0.000     0.000 r  clk (IN)
                         net (fo=0)                   0.000     0.000    clk
    W5                   IBUF (Prop_ibuf_I_O)         0.226     0.226 r  clk_IBUF_inst/O
                         net (fo=1, routed)           0.631     0.858    clk_IBUF
    BUFGCTRL_X0Y0        BUFG (Prop_bufg_I_O)         0.026     0.884 r  clk_IBUF_BUFG_inst/O
                         net (fo=300, routed)         0.564     1.447    u_TrainSpawner/CLK
    SLICE_X53Y95         FDCE                                         r  u_TrainSpawner/train_waiting_reg/C
  -------------------------------------------------------------------    -------------------
    SLICE_X53Y95         FDCE (Prop_fdce_C_Q)         0.141     1.588 f  u_TrainSpawner/train_waiting_reg/Q
                         net (fo=10, routed)          0.135     1.724    u_UartController/TrainID_reg[7]
    SLICE_X52Y95         LUT3 (Prop_lut3_I1_O)        0.048     1.772 r  u_UartController/TrainID[3]_i_1/O
                         net (fo=1, routed)           0.000     1.772    u_TrainSpawner/D[3]
    SLICE_X52Y95         FDCE                                         r  u_TrainSpawner/TrainID_reg[3]/D
  -------------------------------------------------------------------    -------------------

                         (clock sys_clk_pin rise edge)
                                                      0.000     0.000 r  
    W5                                                0.000     0.000 r  clk (IN)
                         net (fo=0)                   0.000     0.000    clk
    W5                   IBUF (Prop_ibuf_I_O)         0.414     0.414 r  clk_IBUF_inst/O
                         net (fo=1, routed)           0.685     1.099    clk_IBUF
    BUFGCTRL_X0Y0        BUFG (Prop_bufg_I_O)         0.029     1.128 r  clk_IBUF_BUFG_inst/O
                         net (fo=300, routed)         0.834     1.962    u_TrainSpawner/CLK
    SLICE_X52Y95         FDCE                                         r  u_TrainSpawner/TrainID_reg[3]/C
                         clock pessimism             -0.502     1.460    
    SLICE_X52Y95         FDCE (Hold_fdce_C_D)         0.131     1.591    u_TrainSpawner/TrainID_reg[3]
  -------------------------------------------------------------------
                         required time                         -1.591    
                         arrival time                           1.772    
  -------------------------------------------------------------------
                         slack                                  0.180    

Slack (MET) :             0.184ns  (arrival time - required time)
  Source:                 u_TrainSpawner/train_waiting_reg/C
                            (rising edge-triggered cell FDCE clocked by sys_clk_pin  {rise@0.000ns fall@5.000ns period=10.000ns})
  Destination:            u_TrainSpawner/TrainID_reg[0]/D
                            (rising edge-triggered cell FDCE clocked by sys_clk_pin  {rise@0.000ns fall@5.000ns period=10.000ns})
  Path Group:             sys_clk_pin
  Path Type:              Hold (Min at Fast Process Corner)
  Requirement:            0.000ns  (sys_clk_pin rise@0.000ns - sys_clk_pin rise@0.000ns)
  Data Path Delay:        0.317ns  (logic 0.186ns (58.617%)  route 0.131ns (41.383%))
  Logic Levels:           1  (LUT3=1)
  Clock Path Skew:        0.013ns (DCD - SCD - CPR)
    Destination Clock Delay (DCD):    1.962ns
    Source Clock Delay      (SCD):    1.447ns
    Clock Pessimism Removal (CPR):    0.502ns

    Location             Delay type                Incr(ns)  Path(ns)    Netlist Resource(s)
  -------------------------------------------------------------------    -------------------
                         (clock sys_clk_pin rise edge)
                                                      0.000     0.000 r  
    W5                                                0.000     0.000 r  clk (IN)
                         net (fo=0)                   0.000     0.000    clk
    W5                   IBUF (Prop_ibuf_I_O)         0.226     0.226 r  clk_IBUF_inst/O
                         net (fo=1, routed)           0.631     0.858    clk_IBUF
    BUFGCTRL_X0Y0        BUFG (Prop_bufg_I_O)         0.026     0.884 r  clk_IBUF_BUFG_inst/O
                         net (fo=300, routed)         0.564     1.447    u_TrainSpawner/CLK
    SLICE_X53Y95         FDCE                                         r  u_TrainSpawner/train_waiting_reg/C
  -------------------------------------------------------------------    -------------------
    SLICE_X53Y95         FDCE (Prop_fdce_C_Q)         0.141     1.588 f  u_TrainSpawner/train_waiting_reg/Q
                         net (fo=10, routed)          0.131     1.720    u_UartController/TrainID_reg[7]
    SLICE_X52Y95         LUT3 (Prop_lut3_I1_O)        0.045     1.765 r  u_UartController/TrainID[0]_i_1/O
                         net (fo=1, routed)           0.000     1.765    u_TrainSpawner/D[0]
    SLICE_X52Y95         FDCE                                         r  u_TrainSpawner/TrainID_reg[0]/D
  -------------------------------------------------------------------    -------------------

                         (clock sys_clk_pin rise edge)
                                                      0.000     0.000 r  
    W5                                                0.000     0.000 r  clk (IN)
                         net (fo=0)                   0.000     0.000    clk
    W5                   IBUF (Prop_ibuf_I_O)         0.414     0.414 r  clk_IBUF_inst/O
                         net (fo=1, routed)           0.685     1.099    clk_IBUF
    BUFGCTRL_X0Y0        BUFG (Prop_bufg_I_O)         0.029     1.128 r  clk_IBUF_BUFG_inst/O
                         net (fo=300, routed)         0.834     1.962    u_TrainSpawner/CLK
    SLICE_X52Y95         FDCE                                         r  u_TrainSpawner/TrainID_reg[0]/C
                         clock pessimism             -0.502     1.460    
    SLICE_X52Y95         FDCE (Hold_fdce_C_D)         0.120     1.580    u_TrainSpawner/TrainID_reg[0]
  -------------------------------------------------------------------
                         required time                         -1.580    
                         arrival time                           1.765    
  -------------------------------------------------------------------
                         slack                                  0.184    

Slack (MET) :             0.185ns  (arrival time - required time)
  Source:                 u_UartRx/data_reg_reg[4]/C
                            (rising edge-triggered cell FDCE clocked by sys_clk_pin  {rise@0.000ns fall@5.000ns period=10.000ns})
  Destination:            u_UartRx/rx_data_reg[4]/D
                            (rising edge-triggered cell FDCE clocked by sys_clk_pin  {rise@0.000ns fall@5.000ns period=10.000ns})
  Path Group:             sys_clk_pin
  Path Type:              Hold (Min at Fast Process Corner)
  Requirement:            0.000ns  (sys_clk_pin rise@0.000ns - sys_clk_pin rise@0.000ns)
  Data Path Delay:        0.262ns  (logic 0.141ns (53.794%)  route 0.121ns (46.206%))
  Logic Levels:           0  
  Clock Path Skew:        0.017ns (DCD - SCD - CPR)
    Destination Clock Delay (DCD):    1.962ns
    Source Clock Delay      (SCD):    1.446ns
    Clock Pessimism Removal (CPR):    0.499ns

    Location             Delay type                Incr(ns)  Path(ns)    Netlist Resource(s)
  -------------------------------------------------------------------    -------------------
                         (clock sys_clk_pin rise edge)
                                                      0.000     0.000 r  
    W5                                                0.000     0.000 r  clk (IN)
                         net (fo=0)                   0.000     0.000    clk
    W5                   IBUF (Prop_ibuf_I_O)         0.226     0.226 r  clk_IBUF_inst/O
                         net (fo=1, routed)           0.631     0.858    clk_IBUF
    BUFGCTRL_X0Y0        BUFG (Prop_bufg_I_O)         0.026     0.884 r  clk_IBUF_BUFG_inst/O
                         net (fo=300, routed)         0.563     1.446    u_UartRx/CLK
    SLICE_X53Y92         FDCE                                         r  u_UartRx/data_reg_reg[4]/C
  -------------------------------------------------------------------    -------------------
    SLICE_X53Y92         FDCE (Prop_fdce_C_Q)         0.141     1.587 r  u_UartRx/data_reg_reg[4]/Q
                         net (fo=2, routed)           0.121     1.708    u_UartRx/data_reg[4]
    SLICE_X52Y93         FDCE                                         r  u_UartRx/rx_data_reg[4]/D
  -------------------------------------------------------------------    -------------------

                         (clock sys_clk_pin rise edge)
                                                      0.000     0.000 r  
    W5                                                0.000     0.000 r  clk (IN)
                         net (fo=0)                   0.000     0.000    clk
    W5                   IBUF (Prop_ibuf_I_O)         0.414     0.414 r  clk_IBUF_inst/O
                         net (fo=1, routed)           0.685     1.099    clk_IBUF
    BUFGCTRL_X0Y0        BUFG (Prop_bufg_I_O)         0.029     1.128 r  clk_IBUF_BUFG_inst/O
                         net (fo=300, routed)         0.834     1.962    u_UartRx/CLK
    SLICE_X52Y93         FDCE                                         r  u_UartRx/rx_data_reg[4]/C
                         clock pessimism             -0.499     1.463    
    SLICE_X52Y93         FDCE (Hold_fdce_C_D)         0.060     1.523    u_UartRx/rx_data_reg[4]
  -------------------------------------------------------------------
                         required time                         -1.523    
                         arrival time                           1.708    
  -------------------------------------------------------------------
                         slack                                  0.185    

Slack (MET) :             0.187ns  (arrival time - required time)
  Source:                 u_TrainSpawner/train_waiting_reg/C
                            (rising edge-triggered cell FDCE clocked by sys_clk_pin  {rise@0.000ns fall@5.000ns period=10.000ns})
  Destination:            u_TrainSpawner/TrainID_reg[2]/D
                            (rising edge-triggered cell FDCE clocked by sys_clk_pin  {rise@0.000ns fall@5.000ns period=10.000ns})
  Path Group:             sys_clk_pin
  Path Type:              Hold (Min at Fast Process Corner)
  Requirement:            0.000ns  (sys_clk_pin rise@0.000ns - sys_clk_pin rise@0.000ns)
  Data Path Delay:        0.321ns  (logic 0.186ns (57.887%)  route 0.135ns (42.113%))
  Logic Levels:           1  (LUT3=1)
  Clock Path Skew:        0.013ns (DCD - SCD - CPR)
    Destination Clock Delay (DCD):    1.962ns
    Source Clock Delay      (SCD):    1.447ns
    Clock Pessimism Removal (CPR):    0.502ns

    Location             Delay type                Incr(ns)  Path(ns)    Netlist Resource(s)
  -------------------------------------------------------------------    -------------------
                         (clock sys_clk_pin rise edge)
                                                      0.000     0.000 r  
    W5                                                0.000     0.000 r  clk (IN)
                         net (fo=0)                   0.000     0.000    clk
    W5                   IBUF (Prop_ibuf_I_O)         0.226     0.226 r  clk_IBUF_inst/O
                         net (fo=1, routed)           0.631     0.858    clk_IBUF
    BUFGCTRL_X0Y0        BUFG (Prop_bufg_I_O)         0.026     0.884 r  clk_IBUF_BUFG_inst/O
                         net (fo=300, routed)         0.564     1.447    u_TrainSpawner/CLK
    SLICE_X53Y95         FDCE                                         r  u_TrainSpawner/train_waiting_reg/C
  -------------------------------------------------------------------    -------------------
    SLICE_X53Y95         FDCE (Prop_fdce_C_Q)         0.141     1.588 f  u_TrainSpawner/train_waiting_reg/Q
                         net (fo=10, routed)          0.135     1.724    u_UartController/TrainID_reg[7]
    SLICE_X52Y95         LUT3 (Prop_lut3_I1_O)        0.045     1.769 r  u_UartController/TrainID[2]_i_1/O
                         net (fo=1, routed)           0.000     1.769    u_TrainSpawner/D[2]
    SLICE_X52Y95         FDCE                                         r  u_TrainSpawner/TrainID_reg[2]/D
  -------------------------------------------------------------------    -------------------

                         (clock sys_clk_pin rise edge)
                                                      0.000     0.000 r  
    W5                                                0.000     0.000 r  clk (IN)
                         net (fo=0)                   0.000     0.000    clk
    W5                   IBUF (Prop_ibuf_I_O)         0.414     0.414 r  clk_IBUF_inst/O
                         net (fo=1, routed)           0.685     1.099    clk_IBUF
    BUFGCTRL_X0Y0        BUFG (Prop_bufg_I_O)         0.029     1.128 r  clk_IBUF_BUFG_inst/O
                         net (fo=300, routed)         0.834     1.962    u_TrainSpawner/CLK
    SLICE_X52Y95         FDCE                                         r  u_TrainSpawner/TrainID_reg[2]/C
                         clock pessimism             -0.502     1.460    
    SLICE_X52Y95         FDCE (Hold_fdce_C_D)         0.121     1.581    u_TrainSpawner/TrainID_reg[2]
  -------------------------------------------------------------------
                         required time                         -1.581    
                         arrival time                           1.769    
  -------------------------------------------------------------------
                         slack                                  0.187    

Slack (MET) :             0.191ns  (arrival time - required time)
  Source:                 u_UartRx/data_reg_reg[7]/C
                            (rising edge-triggered cell FDCE clocked by sys_clk_pin  {rise@0.000ns fall@5.000ns period=10.000ns})
  Destination:            u_UartRx/rx_data_reg[7]/D
                            (rising edge-triggered cell FDCE clocked by sys_clk_pin  {rise@0.000ns fall@5.000ns period=10.000ns})
  Path Group:             sys_clk_pin
  Path Type:              Hold (Min at Fast Process Corner)
  Requirement:            0.000ns  (sys_clk_pin rise@0.000ns - sys_clk_pin rise@0.000ns)
  Data Path Delay:        0.268ns  (logic 0.141ns (52.559%)  route 0.127ns (47.441%))
  Logic Levels:           0  
  Clock Path Skew:        0.013ns (DCD - SCD - CPR)
    Destination Clock Delay (DCD):    1.962ns
    Source Clock Delay      (SCD):    1.447ns
    Clock Pessimism Removal (CPR):    0.502ns

    Location             Delay type                Incr(ns)  Path(ns)    Netlist Resource(s)
  -------------------------------------------------------------------    -------------------
                         (clock sys_clk_pin rise edge)
                                                      0.000     0.000 r  
    W5                                                0.000     0.000 r  clk (IN)
                         net (fo=0)                   0.000     0.000    clk
    W5                   IBUF (Prop_ibuf_I_O)         0.226     0.226 r  clk_IBUF_inst/O
                         net (fo=1, routed)           0.631     0.858    clk_IBUF
    BUFGCTRL_X0Y0        BUFG (Prop_bufg_I_O)         0.026     0.884 r  clk_IBUF_BUFG_inst/O
                         net (fo=300, routed)         0.564     1.447    u_UartRx/CLK
    SLICE_X53Y93         FDCE                                         r  u_UartRx/data_reg_reg[7]/C
  -------------------------------------------------------------------    -------------------
    SLICE_X53Y93         FDCE (Prop_fdce_C_Q)         0.141     1.588 r  u_UartRx/data_reg_reg[7]/Q
                         net (fo=2, routed)           0.127     1.715    u_UartRx/data_reg[7]
    SLICE_X52Y93         FDCE                                         r  u_UartRx/rx_data_reg[7]/D
  -------------------------------------------------------------------    -------------------

                         (clock sys_clk_pin rise edge)
                                                      0.000     0.000 r  
    W5                                                0.000     0.000 r  clk (IN)
                         net (fo=0)                   0.000     0.000    clk
    W5                   IBUF (Prop_ibuf_I_O)         0.414     0.414 r  clk_IBUF_inst/O
                         net (fo=1, routed)           0.685     1.099    clk_IBUF
    BUFGCTRL_X0Y0        BUFG (Prop_bufg_I_O)         0.029     1.128 r  clk_IBUF_BUFG_inst/O
                         net (fo=300, routed)         0.834     1.962    u_UartRx/CLK
    SLICE_X52Y93         FDCE                                         r  u_UartRx/rx_data_reg[7]/C
                         clock pessimism             -0.502     1.460    
    SLICE_X52Y93         FDCE (Hold_fdce_C_D)         0.064     1.524    u_UartRx/rx_data_reg[7]
  -------------------------------------------------------------------
                         required time                         -1.524    
                         arrival time                           1.715    
  -------------------------------------------------------------------
                         slack                                  0.191    

Slack (MET) :             0.193ns  (arrival time - required time)
  Source:                 u_UartRx/data_reg_reg[0]/C
                            (rising edge-triggered cell FDCE clocked by sys_clk_pin  {rise@0.000ns fall@5.000ns period=10.000ns})
  Destination:            u_UartRx/rx_data_reg[0]/D
                            (rising edge-triggered cell FDCE clocked by sys_clk_pin  {rise@0.000ns fall@5.000ns period=10.000ns})
  Path Group:             sys_clk_pin
  Path Type:              Hold (Min at Fast Process Corner)
  Requirement:            0.000ns  (sys_clk_pin rise@0.000ns - sys_clk_pin rise@0.000ns)
  Data Path Delay:        0.295ns  (logic 0.141ns (47.752%)  route 0.154ns (52.248%))
  Logic Levels:           0  
  Clock Path Skew:        0.017ns (DCD - SCD - CPR)
    Destination Clock Delay (DCD):    1.962ns
    Source Clock Delay      (SCD):    1.446ns
    Clock Pessimism Removal (CPR):    0.499ns

    Location             Delay type                Incr(ns)  Path(ns)    Netlist Resource(s)
  -------------------------------------------------------------------    -------------------
                         (clock sys_clk_pin rise edge)
                                                      0.000     0.000 r  
    W5                                                0.000     0.000 r  clk (IN)
                         net (fo=0)                   0.000     0.000    clk
    W5                   IBUF (Prop_ibuf_I_O)         0.226     0.226 r  clk_IBUF_inst/O
                         net (fo=1, routed)           0.631     0.858    clk_IBUF
    BUFGCTRL_X0Y0        BUFG (Prop_bufg_I_O)         0.026     0.884 r  clk_IBUF_BUFG_inst/O
                         net (fo=300, routed)         0.563     1.446    u_UartRx/CLK
    SLICE_X53Y92         FDCE                                         r  u_UartRx/data_reg_reg[0]/C
  -------------------------------------------------------------------    -------------------
    SLICE_X53Y92         FDCE (Prop_fdce_C_Q)         0.141     1.587 r  u_UartRx/data_reg_reg[0]/Q
                         net (fo=2, routed)           0.154     1.742    u_UartRx/data_reg[0]
    SLICE_X52Y93         FDCE                                         r  u_UartRx/rx_data_reg[0]/D
  -------------------------------------------------------------------    -------------------

                         (clock sys_clk_pin rise edge)
                                                      0.000     0.000 r  
    W5                                                0.000     0.000 r  clk (IN)
                         net (fo=0)                   0.000     0.000    clk
    W5                   IBUF (Prop_ibuf_I_O)         0.414     0.414 r  clk_IBUF_inst/O
                         net (fo=1, routed)           0.685     1.099    clk_IBUF
    BUFGCTRL_X0Y0        BUFG (Prop_bufg_I_O)         0.029     1.128 r  clk_IBUF_BUFG_inst/O
                         net (fo=300, routed)         0.834     1.962    u_UartRx/CLK
    SLICE_X52Y93         FDCE                                         r  u_UartRx/rx_data_reg[0]/C
                         clock pessimism             -0.499     1.463    
    SLICE_X52Y93         FDCE (Hold_fdce_C_D)         0.085     1.548    u_UartRx/rx_data_reg[0]
  -------------------------------------------------------------------
                         required time                         -1.548    
                         arrival time                           1.742    
  -------------------------------------------------------------------
                         slack                                  0.193    

Slack (MET) :             0.194ns  (arrival time - required time)
  Source:                 u_FSM_5/FSM_sequential_state_reg[2]/C
                            (rising edge-triggered cell FDCE clocked by sys_clk_pin  {rise@0.000ns fall@5.000ns period=10.000ns})
  Destination:            u_Serializer/shift_reg_reg[30]/D
                            (rising edge-triggered cell FDRE clocked by sys_clk_pin  {rise@0.000ns fall@5.000ns period=10.000ns})
  Path Group:             sys_clk_pin
  Path Type:              Hold (Min at Fast Process Corner)
  Requirement:            0.000ns  (sys_clk_pin rise@0.000ns - sys_clk_pin rise@0.000ns)
  Data Path Delay:        0.351ns  (logic 0.186ns (53.026%)  route 0.165ns (46.974%))
  Logic Levels:           1  (LUT3=1)
  Clock Path Skew:        0.037ns (DCD - SCD - CPR)
    Destination Clock Delay (DCD):    1.962ns
    Source Clock Delay      (SCD):    1.447ns
    Clock Pessimism Removal (CPR):    0.478ns

    Location             Delay type                Incr(ns)  Path(ns)    Netlist Resource(s)
  -------------------------------------------------------------------    -------------------
                         (clock sys_clk_pin rise edge)
                                                      0.000     0.000 r  
    W5                                                0.000     0.000 r  clk (IN)
                         net (fo=0)                   0.000     0.000    clk
    W5                   IBUF (Prop_ibuf_I_O)         0.226     0.226 r  clk_IBUF_inst/O
                         net (fo=1, routed)           0.631     0.858    clk_IBUF
    BUFGCTRL_X0Y0        BUFG (Prop_bufg_I_O)         0.026     0.884 r  clk_IBUF_BUFG_inst/O
                         net (fo=300, routed)         0.564     1.447    u_FSM_5/CLK
    SLICE_X53Y96         FDCE                                         r  u_FSM_5/FSM_sequential_state_reg[2]/C
  -------------------------------------------------------------------    -------------------
    SLICE_X53Y96         FDCE (Prop_fdce_C_Q)         0.141     1.588 f  u_FSM_5/FSM_sequential_state_reg[2]/Q
                         net (fo=11, routed)          0.165     1.753    u_FSM_5/state[2]
    SLICE_X54Y96         LUT3 (Prop_lut3_I1_O)        0.045     1.798 r  u_FSM_5/shift_reg[30]_i_1/O
                         net (fo=1, routed)           0.000     1.798    u_Serializer/D[16]
    SLICE_X54Y96         FDRE                                         r  u_Serializer/shift_reg_reg[30]/D
  -------------------------------------------------------------------    -------------------

                         (clock sys_clk_pin rise edge)
                                                      0.000     0.000 r  
    W5                                                0.000     0.000 r  clk (IN)
                         net (fo=0)                   0.000     0.000    clk
    W5                   IBUF (Prop_ibuf_I_O)         0.414     0.414 r  clk_IBUF_inst/O
                         net (fo=1, routed)           0.685     1.099    clk_IBUF
    BUFGCTRL_X0Y0        BUFG (Prop_bufg_I_O)         0.029     1.128 r  clk_IBUF_BUFG_inst/O
                         net (fo=300, routed)         0.834     1.962    u_Serializer/CLK
    SLICE_X54Y96         FDRE                                         r  u_Serializer/shift_reg_reg[30]/C
                         clock pessimism             -0.478     1.484    
    SLICE_X54Y96         FDRE (Hold_fdre_C_D)         0.120     1.604    u_Serializer/shift_reg_reg[30]
  -------------------------------------------------------------------
                         required time                         -1.604    
                         arrival time                           1.798    
  -------------------------------------------------------------------
                         slack                                  0.194    





Pulse Width Checks
--------------------------------------------------------------------------------------
Clock Name:         sys_clk_pin
Waveform(ns):       { 0.000 5.000 }
Period(ns):         10.000
Sources:            { clk }

Check Type        Corner  Lib Pin  Reference Pin  Required(ns)  Actual(ns)  Slack(ns)  Location       Pin
Min Period        n/a     BUFG/I   n/a            2.155         10.000      7.845      BUFGCTRL_X0Y0  clk_IBUF_BUFG_inst/I
Min Period        n/a     FDCE/C   n/a            1.000         10.000      9.000      SLICE_X60Y90   minute_tick_prev_reg/C
Min Period        n/a     FDCE/C   n/a            1.000         10.000      9.000      SLICE_X51Y98   sw_prev_reg[0]/C
Min Period        n/a     FDCE/C   n/a            1.000         10.000      9.000      SLICE_X56Y101  sw_prev_reg[14]/C
Min Period        n/a     FDCE/C   n/a            1.000         10.000      9.000      SLICE_X57Y100  sw_prev_reg[15]/C
Min Period        n/a     FDCE/C   n/a            1.000         10.000      9.000      SLICE_X48Y104  sw_prev_reg[1]/C
Min Period        n/a     FDCE/C   n/a            1.000         10.000      9.000      SLICE_X48Y104  sw_prev_reg[2]/C
Min Period        n/a     FDCE/C   n/a            1.000         10.000      9.000      SLICE_X56Y94   sw_prev_reg[3]/C
Min Period        n/a     FDCE/C   n/a            1.000         10.000      9.000      SLICE_X58Y95   sw_prev_reg[4]/C
Min Period        n/a     FDCE/C   n/a            1.000         10.000      9.000      SLICE_X56Y94   sw_prev_reg[5]/C
Low Pulse Width   Slow    FDCE/C   n/a            0.500         5.000       4.500      SLICE_X60Y90   minute_tick_prev_reg/C
Low Pulse Width   Fast    FDCE/C   n/a            0.500         5.000       4.500      SLICE_X60Y90   minute_tick_prev_reg/C
Low Pulse Width   Slow    FDCE/C   n/a            0.500         5.000       4.500      SLICE_X51Y98   sw_prev_reg[0]/C
Low Pulse Width   Fast    FDCE/C   n/a            0.500         5.000       4.500      SLICE_X51Y98   sw_prev_reg[0]/C
Low Pulse Width   Slow    FDCE/C   n/a            0.500         5.000       4.500      SLICE_X56Y101  sw_prev_reg[14]/C
Low Pulse Width   Fast    FDCE/C   n/a            0.500         5.000       4.500      SLICE_X56Y101  sw_prev_reg[14]/C
Low Pulse Width   Slow    FDCE/C   n/a            0.500         5.000       4.500      SLICE_X57Y100  sw_prev_reg[15]/C
Low Pulse Width   Fast    FDCE/C   n/a            0.500         5.000       4.500      SLICE_X57Y100  sw_prev_reg[15]/C
Low Pulse Width   Slow    FDCE/C   n/a            0.500         5.000       4.500      SLICE_X48Y104  sw_prev_reg[1]/C
Low Pulse Width   Fast    FDCE/C   n/a            0.500         5.000       4.500      SLICE_X48Y104  sw_prev_reg[1]/C
High Pulse Width  Slow    FDCE/C   n/a            0.500         5.000       4.500      SLICE_X60Y90   minute_tick_prev_reg/C
High Pulse Width  Fast    FDCE/C   n/a            0.500         5.000       4.500      SLICE_X60Y90   minute_tick_prev_reg/C
High Pulse Width  Slow    FDCE/C   n/a            0.500         5.000       4.500      SLICE_X51Y98   sw_prev_reg[0]/C
High Pulse Width  Fast    FDCE/C   n/a            0.500         5.000       4.500      SLICE_X51Y98   sw_prev_reg[0]/C
High Pulse Width  Slow    FDCE/C   n/a            0.500         5.000       4.500      SLICE_X56Y101  sw_prev_reg[14]/C
High Pulse Width  Fast    FDCE/C   n/a            0.500         5.000       4.500      SLICE_X56Y101  sw_prev_reg[14]/C
High Pulse Width  Slow    FDCE/C   n/a            0.500         5.000       4.500      SLICE_X57Y100  sw_prev_reg[15]/C
High Pulse Width  Fast    FDCE/C   n/a            0.500         5.000       4.500      SLICE_X57Y100  sw_prev_reg[15]/C
High Pulse Width  Slow    FDCE/C   n/a            0.500         5.000       4.500      SLICE_X48Y104  sw_prev_reg[1]/C
High Pulse Width  Fast    FDCE/C   n/a            0.500         5.000       4.500      SLICE_X48Y104  sw_prev_reg[1]/C



--------------------------------------------------------------------------------------
Path Group:  (none)
From Clock:  sys_clk_pin
  To Clock:  

Max Delay             4 Endpoints
Min Delay             4 Endpoints
--------------------------------------------------------------------------------------


Max Delay Paths
--------------------------------------------------------------------------------------
Slack:                    inf
  Source:                 u_Serializer/shcp_reg/C
                            (rising edge-triggered cell FDRE clocked by sys_clk_pin  {rise@0.000ns fall@5.000ns period=10.000ns})
  Destination:            shcp
                            (output port)
  Path Group:             (none)
  Path Type:              Max at Slow Process Corner
  Data Path Delay:        6.114ns  (logic 4.034ns (65.978%)  route 2.080ns (34.022%))
  Logic Levels:           1  (OBUF=1)
  Clock Uncertainty:      0.025ns  ((TSJ^2 + TIJ^2)^1/2 + DJ) / 2 + PE
    Total System Jitter     (TSJ):    0.050ns
    Total Input Jitter      (TIJ):    0.000ns
    Discrete Jitter          (DJ):    0.000ns
    Phase Error              (PE):    0.000ns

    Location             Delay type                Incr(ns)  Path(ns)    Netlist Resource(s)
  -------------------------------------------------------------------    -------------------
                         (clock sys_clk_pin rise edge)
                                                      0.000     0.000 r  
    W5                                                0.000     0.000 r  clk (IN)
                         net (fo=0)                   0.000     0.000    clk
    W5                   IBUF (Prop_ibuf_I_O)         1.458     1.458 r  clk_IBUF_inst/O
                         net (fo=1, routed)           1.967     3.425    clk_IBUF
    BUFGCTRL_X0Y0        BUFG (Prop_bufg_I_O)         0.096     3.521 r  clk_IBUF_BUFG_inst/O
                         net (fo=300, routed)         1.625     5.146    u_Serializer/CLK
    SLICE_X60Y96         FDRE                                         r  u_Serializer/shcp_reg/C
  -------------------------------------------------------------------    -------------------
    SLICE_X60Y96         FDRE (Prop_fdre_C_Q)         0.518     5.664 r  u_Serializer/shcp_reg/Q
                         net (fo=6, routed)           2.080     7.744    shcp_OBUF
    L2                   OBUF (Prop_obuf_I_O)         3.516    11.260 r  shcp_OBUF_inst/O
                         net (fo=0)                   0.000    11.260    shcp
    L2                                                                r  shcp (OUT)
  -------------------------------------------------------------------    -------------------

Slack:                    inf
  Source:                 u_UartTx/tx_reg/C
                            (rising edge-triggered cell FDPE clocked by sys_clk_pin  {rise@0.000ns fall@5.000ns period=10.000ns})
  Destination:            tx_uart
                            (output port)
  Path Group:             (none)
  Path Type:              Max at Slow Process Corner
  Data Path Delay:        5.867ns  (logic 3.993ns (68.056%)  route 1.874ns (31.944%))
  Logic Levels:           1  (OBUF=1)
  Clock Uncertainty:      0.025ns  ((TSJ^2 + TIJ^2)^1/2 + DJ) / 2 + PE
    Total System Jitter     (TSJ):    0.050ns
    Total Input Jitter      (TIJ):    0.000ns
    Discrete Jitter          (DJ):    0.000ns
    Phase Error              (PE):    0.000ns

    Location             Delay type                Incr(ns)  Path(ns)    Netlist Resource(s)
  -------------------------------------------------------------------    -------------------
                         (clock sys_clk_pin rise edge)
                                                      0.000     0.000 r  
    W5                                                0.000     0.000 r  clk (IN)
                         net (fo=0)                   0.000     0.000    clk
    W5                   IBUF (Prop_ibuf_I_O)         1.458     1.458 r  clk_IBUF_inst/O
                         net (fo=1, routed)           1.967     3.425    clk_IBUF
    BUFGCTRL_X0Y0        BUFG (Prop_bufg_I_O)         0.096     3.521 r  clk_IBUF_BUFG_inst/O
                         net (fo=300, routed)         1.622     5.143    u_UartTx/CLK
    SLICE_X4Y29          FDPE                                         r  u_UartTx/tx_reg/C
  -------------------------------------------------------------------    -------------------
    SLICE_X4Y29          FDPE (Prop_fdpe_C_Q)         0.456     5.599 r  u_UartTx/tx_reg/Q
                         net (fo=1, routed)           1.874     7.473    tx_uart_OBUF
    K17                  OBUF (Prop_obuf_I_O)         3.537    11.010 r  tx_uart_OBUF_inst/O
                         net (fo=0)                   0.000    11.010    tx_uart
    K17                                                               r  tx_uart (OUT)
  -------------------------------------------------------------------    -------------------

Slack:                    inf
  Source:                 u_Serializer/ds_reg/C
                            (rising edge-triggered cell FDRE clocked by sys_clk_pin  {rise@0.000ns fall@5.000ns period=10.000ns})
  Destination:            ds
                            (output port)
  Path Group:             (none)
  Path Type:              Max at Slow Process Corner
  Data Path Delay:        5.813ns  (logic 3.961ns (68.135%)  route 1.852ns (31.865%))
  Logic Levels:           1  (OBUF=1)
  Clock Uncertainty:      0.025ns  ((TSJ^2 + TIJ^2)^1/2 + DJ) / 2 + PE
    Total System Jitter     (TSJ):    0.050ns
    Total Input Jitter      (TIJ):    0.000ns
    Discrete Jitter          (DJ):    0.000ns
    Phase Error              (PE):    0.000ns

    Location             Delay type                Incr(ns)  Path(ns)    Netlist Resource(s)
  -------------------------------------------------------------------    -------------------
                         (clock sys_clk_pin rise edge)
                                                      0.000     0.000 r  
    W5                                                0.000     0.000 r  clk (IN)
                         net (fo=0)                   0.000     0.000    clk
    W5                   IBUF (Prop_ibuf_I_O)         1.458     1.458 r  clk_IBUF_inst/O
                         net (fo=1, routed)           1.967     3.425    clk_IBUF
    BUFGCTRL_X0Y0        BUFG (Prop_bufg_I_O)         0.096     3.521 r  clk_IBUF_BUFG_inst/O
                         net (fo=300, routed)         1.626     5.147    u_Serializer/CLK
    SLICE_X59Y97         FDRE                                         r  u_Serializer/ds_reg/C
  -------------------------------------------------------------------    -------------------
    SLICE_X59Y97         FDRE (Prop_fdre_C_Q)         0.456     5.603 r  u_Serializer/ds_reg/Q
                         net (fo=1, routed)           1.852     7.455    ds_OBUF
    J1                   OBUF (Prop_obuf_I_O)         3.505    10.960 r  ds_OBUF_inst/O
                         net (fo=0)                   0.000    10.960    ds
    J1                                                                r  ds (OUT)
  -------------------------------------------------------------------    -------------------

Slack:                    inf
  Source:                 u_Serializer/stcp_reg/C
                            (rising edge-triggered cell FDRE clocked by sys_clk_pin  {rise@0.000ns fall@5.000ns period=10.000ns})
  Destination:            stcp
                            (output port)
  Path Group:             (none)
  Path Type:              Max at Slow Process Corner
  Data Path Delay:        5.799ns  (logic 3.964ns (68.358%)  route 1.835ns (31.642%))
  Logic Levels:           1  (OBUF=1)
  Clock Uncertainty:      0.025ns  ((TSJ^2 + TIJ^2)^1/2 + DJ) / 2 + PE
    Total System Jitter     (TSJ):    0.050ns
    Total Input Jitter      (TIJ):    0.000ns
    Discrete Jitter          (DJ):    0.000ns
    Phase Error              (PE):    0.000ns

    Location             Delay type                Incr(ns)  Path(ns)    Netlist Resource(s)
  -------------------------------------------------------------------    -------------------
                         (clock sys_clk_pin rise edge)
                                                      0.000     0.000 r  
    W5                                                0.000     0.000 r  clk (IN)
                         net (fo=0)                   0.000     0.000    clk
    W5                   IBUF (Prop_ibuf_I_O)         1.458     1.458 r  clk_IBUF_inst/O
                         net (fo=1, routed)           1.967     3.425    clk_IBUF
    BUFGCTRL_X0Y0        BUFG (Prop_bufg_I_O)         0.096     3.521 r  clk_IBUF_BUFG_inst/O
                         net (fo=300, routed)         1.625     5.146    u_Serializer/CLK
    SLICE_X58Y96         FDRE                                         r  u_Serializer/stcp_reg/C
  -------------------------------------------------------------------    -------------------
    SLICE_X58Y96         FDRE (Prop_fdre_C_Q)         0.456     5.602 r  u_Serializer/stcp_reg/Q
                         net (fo=1, routed)           1.835     7.437    stcp_OBUF
    J2                   OBUF (Prop_obuf_I_O)         3.508    10.945 r  stcp_OBUF_inst/O
                         net (fo=0)                   0.000    10.945    stcp
    J2                                                                r  stcp (OUT)
  -------------------------------------------------------------------    -------------------





Min Delay Paths
--------------------------------------------------------------------------------------
Slack:                    inf
  Source:                 u_Serializer/stcp_reg/C
                            (rising edge-triggered cell FDRE clocked by sys_clk_pin  {rise@0.000ns fall@5.000ns period=10.000ns})
  Destination:            stcp
                            (output port)
  Path Group:             (none)
  Path Type:              Min at Fast Process Corner
  Data Path Delay:        1.728ns  (logic 1.350ns (78.132%)  route 0.378ns (21.868%))
  Logic Levels:           1  (OBUF=1)
  Clock Uncertainty:      0.025ns  ((TSJ^2 + TIJ^2)^1/2 + DJ) / 2 + PE
    Total System Jitter     (TSJ):    0.050ns
    Total Input Jitter      (TIJ):    0.000ns
    Discrete Jitter          (DJ):    0.000ns
    Phase Error              (PE):    0.000ns

    Location             Delay type                Incr(ns)  Path(ns)    Netlist Resource(s)
  -------------------------------------------------------------------    -------------------
                         (clock sys_clk_pin rise edge)
                                                      0.000     0.000 r  
    W5                                                0.000     0.000 r  clk (IN)
                         net (fo=0)                   0.000     0.000    clk
    W5                   IBUF (Prop_ibuf_I_O)         0.226     0.226 r  clk_IBUF_inst/O
                         net (fo=1, routed)           0.631     0.858    clk_IBUF
    BUFGCTRL_X0Y0        BUFG (Prop_bufg_I_O)         0.026     0.884 r  clk_IBUF_BUFG_inst/O
                         net (fo=300, routed)         0.592     1.475    u_Serializer/CLK
    SLICE_X58Y96         FDRE                                         r  u_Serializer/stcp_reg/C
  -------------------------------------------------------------------    -------------------
    SLICE_X58Y96         FDRE (Prop_fdre_C_Q)         0.141     1.616 r  u_Serializer/stcp_reg/Q
                         net (fo=1, routed)           0.378     1.994    stcp_OBUF
    J2                   OBUF (Prop_obuf_I_O)         1.209     3.203 r  stcp_OBUF_inst/O
                         net (fo=0)                   0.000     3.203    stcp
    J2                                                                r  stcp (OUT)
  -------------------------------------------------------------------    -------------------

Slack:                    inf
  Source:                 u_Serializer/ds_reg/C
                            (rising edge-triggered cell FDRE clocked by sys_clk_pin  {rise@0.000ns fall@5.000ns period=10.000ns})
  Destination:            ds
                            (output port)
  Path Group:             (none)
  Path Type:              Min at Fast Process Corner
  Data Path Delay:        1.753ns  (logic 1.347ns (76.865%)  route 0.405ns (23.135%))
  Logic Levels:           1  (OBUF=1)
  Clock Uncertainty:      0.025ns  ((TSJ^2 + TIJ^2)^1/2 + DJ) / 2 + PE
    Total System Jitter     (TSJ):    0.050ns
    Total Input Jitter      (TIJ):    0.000ns
    Discrete Jitter          (DJ):    0.000ns
    Phase Error              (PE):    0.000ns

    Location             Delay type                Incr(ns)  Path(ns)    Netlist Resource(s)
  -------------------------------------------------------------------    -------------------
                         (clock sys_clk_pin rise edge)
                                                      0.000     0.000 r  
    W5                                                0.000     0.000 r  clk (IN)
                         net (fo=0)                   0.000     0.000    clk
    W5                   IBUF (Prop_ibuf_I_O)         0.226     0.226 r  clk_IBUF_inst/O
                         net (fo=1, routed)           0.631     0.858    clk_IBUF
    BUFGCTRL_X0Y0        BUFG (Prop_bufg_I_O)         0.026     0.884 r  clk_IBUF_BUFG_inst/O
                         net (fo=300, routed)         0.593     1.476    u_Serializer/CLK
    SLICE_X59Y97         FDRE                                         r  u_Serializer/ds_reg/C
  -------------------------------------------------------------------    -------------------
    SLICE_X59Y97         FDRE (Prop_fdre_C_Q)         0.141     1.617 r  u_Serializer/ds_reg/Q
                         net (fo=1, routed)           0.405     2.023    ds_OBUF
    J1                   OBUF (Prop_obuf_I_O)         1.206     3.229 r  ds_OBUF_inst/O
                         net (fo=0)                   0.000     3.229    ds
    J1                                                                r  ds (OUT)
  -------------------------------------------------------------------    -------------------

Slack:                    inf
  Source:                 u_UartTx/tx_reg/C
                            (rising edge-triggered cell FDPE clocked by sys_clk_pin  {rise@0.000ns fall@5.000ns period=10.000ns})
  Destination:            tx_uart
                            (output port)
  Path Group:             (none)
  Path Type:              Min at Fast Process Corner
  Data Path Delay:        1.780ns  (logic 1.379ns (77.459%)  route 0.401ns (22.541%))
  Logic Levels:           1  (OBUF=1)
  Clock Uncertainty:      0.025ns  ((TSJ^2 + TIJ^2)^1/2 + DJ) / 2 + PE
    Total System Jitter     (TSJ):    0.050ns
    Total Input Jitter      (TIJ):    0.000ns
    Discrete Jitter          (DJ):    0.000ns
    Phase Error              (PE):    0.000ns

    Location             Delay type                Incr(ns)  Path(ns)    Netlist Resource(s)
  -------------------------------------------------------------------    -------------------
                         (clock sys_clk_pin rise edge)
                                                      0.000     0.000 r  
    W5                                                0.000     0.000 r  clk (IN)
                         net (fo=0)                   0.000     0.000    clk
    W5                   IBUF (Prop_ibuf_I_O)         0.226     0.226 r  clk_IBUF_inst/O
                         net (fo=1, routed)           0.631     0.858    clk_IBUF
    BUFGCTRL_X0Y0        BUFG (Prop_bufg_I_O)         0.026     0.884 r  clk_IBUF_BUFG_inst/O
                         net (fo=300, routed)         0.584     1.467    u_UartTx/CLK
    SLICE_X4Y29          FDPE                                         r  u_UartTx/tx_reg/C
  -------------------------------------------------------------------    -------------------
    SLICE_X4Y29          FDPE (Prop_fdpe_C_Q)         0.141     1.608 r  u_UartTx/tx_reg/Q
                         net (fo=1, routed)           0.401     2.009    tx_uart_OBUF
    K17                  OBUF (Prop_obuf_I_O)         1.238     3.247 r  tx_uart_OBUF_inst/O
                         net (fo=0)                   0.000     3.247    tx_uart
    K17                                                               r  tx_uart (OUT)
  -------------------------------------------------------------------    -------------------

Slack:                    inf
  Source:                 u_Serializer/shcp_reg/C
                            (rising edge-triggered cell FDRE clocked by sys_clk_pin  {rise@0.000ns fall@5.000ns period=10.000ns})
  Destination:            shcp
                            (output port)
  Path Group:             (none)
  Path Type:              Min at Fast Process Corner
  Data Path Delay:        1.906ns  (logic 1.381ns (72.451%)  route 0.525ns (27.549%))
  Logic Levels:           1  (OBUF=1)
  Clock Uncertainty:      0.025ns  ((TSJ^2 + TIJ^2)^1/2 + DJ) / 2 + PE
    Total System Jitter     (TSJ):    0.050ns
    Total Input Jitter      (TIJ):    0.000ns
    Discrete Jitter          (DJ):    0.000ns
    Phase Error              (PE):    0.000ns

    Location             Delay type                Incr(ns)  Path(ns)    Netlist Resource(s)
  -------------------------------------------------------------------    -------------------
                         (clock sys_clk_pin rise edge)
                                                      0.000     0.000 r  
    W5                                                0.000     0.000 r  clk (IN)
                         net (fo=0)                   0.000     0.000    clk
    W5                   IBUF (Prop_ibuf_I_O)         0.226     0.226 r  clk_IBUF_inst/O
                         net (fo=1, routed)           0.631     0.858    clk_IBUF
    BUFGCTRL_X0Y0        BUFG (Prop_bufg_I_O)         0.026     0.884 r  clk_IBUF_BUFG_inst/O
                         net (fo=300, routed)         0.592     1.475    u_Serializer/CLK
    SLICE_X60Y96         FDRE                                         r  u_Serializer/shcp_reg/C
  -------------------------------------------------------------------    -------------------
    SLICE_X60Y96         FDRE (Prop_fdre_C_Q)         0.164     1.639 r  u_Serializer/shcp_reg/Q
                         net (fo=6, routed)           0.525     2.164    shcp_OBUF
    L2                   OBUF (Prop_obuf_I_O)         1.217     3.381 r  shcp_OBUF_inst/O
                         net (fo=0)                   0.000     3.381    shcp
    L2                                                                r  shcp (OUT)
  -------------------------------------------------------------------    -------------------





--------------------------------------------------------------------------------------
Path Group:  (none)
From Clock:  
  To Clock:  sys_clk_pin

Max Delay           359 Endpoints
Min Delay           359 Endpoints
--------------------------------------------------------------------------------------


Max Delay Paths
--------------------------------------------------------------------------------------
Slack:                    inf
  Source:                 btnC
                            (input port)
  Destination:            u_Track_9/current_train_id_reg[2]/CLR
                            (recovery check against rising-edge clock sys_clk_pin  {rise@0.000ns fall@5.000ns period=10.000ns})
  Path Group:             (none)
  Path Type:              Recovery (Max at Slow Process Corner)
  Data Path Delay:        9.765ns  (logic 1.441ns (14.760%)  route 8.324ns (85.240%))
  Logic Levels:           1  (IBUF=1)
  Clock Path Skew:        4.953ns (DCD - SCD + CPR)
    Destination Clock Delay (DCD):    4.953ns
    Source Clock Delay      (SCD):    0.000ns
    Clock Pessimism Removal (CPR):    0.000ns
  Clock Uncertainty:      0.025ns  ((TSJ^2 + TIJ^2)^1/2 + DJ) / 2 + PE
    Total System Jitter     (TSJ):    0.050ns
    Total Input Jitter      (TIJ):    0.000ns
    Discrete Jitter          (DJ):    0.000ns
    Phase Error              (PE):    0.000ns

    Location             Delay type                Incr(ns)  Path(ns)    Netlist Resource(s)
  -------------------------------------------------------------------    -------------------
    U18                                               0.000     0.000 f  btnC (IN)
                         net (fo=0)                   0.000     0.000    btnC
    U18                  IBUF (Prop_ibuf_I_O)         1.441     1.441 f  btnC_IBUF_inst/O
                         net (fo=293, routed)         8.324     9.765    u_Track_9/btnC_IBUF
    SLICE_X54Y107        FDCE                                         f  u_Track_9/current_train_id_reg[2]/CLR
  -------------------------------------------------------------------    -------------------

                         (clock sys_clk_pin rise edge)
                                                      0.000     0.000 r  
    W5                                                0.000     0.000 r  clk (IN)
                         net (fo=0)                   0.000     0.000    clk
    W5                   IBUF (Prop_ibuf_I_O)         1.388     1.388 r  clk_IBUF_inst/O
                         net (fo=1, routed)           1.862     3.250    clk_IBUF
    BUFGCTRL_X0Y0        BUFG (Prop_bufg_I_O)         0.091     3.341 r  clk_IBUF_BUFG_inst/O
                         net (fo=300, routed)         1.612     4.953    u_Track_9/CLK
    SLICE_X54Y107        FDCE                                         r  u_Track_9/current_train_id_reg[2]/C

Slack:                    inf
  Source:                 btnC
                            (input port)
  Destination:            u_Track_9/current_train_id_reg[3]/CLR
                            (recovery check against rising-edge clock sys_clk_pin  {rise@0.000ns fall@5.000ns period=10.000ns})
  Path Group:             (none)
  Path Type:              Recovery (Max at Slow Process Corner)
  Data Path Delay:        9.765ns  (logic 1.441ns (14.760%)  route 8.324ns (85.240%))
  Logic Levels:           1  (IBUF=1)
  Clock Path Skew:        4.953ns (DCD - SCD + CPR)
    Destination Clock Delay (DCD):    4.953ns
    Source Clock Delay      (SCD):    0.000ns
    Clock Pessimism Removal (CPR):    0.000ns
  Clock Uncertainty:      0.025ns  ((TSJ^2 + TIJ^2)^1/2 + DJ) / 2 + PE
    Total System Jitter     (TSJ):    0.050ns
    Total Input Jitter      (TIJ):    0.000ns
    Discrete Jitter          (DJ):    0.000ns
    Phase Error              (PE):    0.000ns

    Location             Delay type                Incr(ns)  Path(ns)    Netlist Resource(s)
  -------------------------------------------------------------------    -------------------
    U18                                               0.000     0.000 f  btnC (IN)
                         net (fo=0)                   0.000     0.000    btnC
    U18                  IBUF (Prop_ibuf_I_O)         1.441     1.441 f  btnC_IBUF_inst/O
                         net (fo=293, routed)         8.324     9.765    u_Track_9/btnC_IBUF
    SLICE_X54Y107        FDCE                                         f  u_Track_9/current_train_id_reg[3]/CLR
  -------------------------------------------------------------------    -------------------

                         (clock sys_clk_pin rise edge)
                                                      0.000     0.000 r  
    W5                                                0.000     0.000 r  clk (IN)
                         net (fo=0)                   0.000     0.000    clk
    W5                   IBUF (Prop_ibuf_I_O)         1.388     1.388 r  clk_IBUF_inst/O
                         net (fo=1, routed)           1.862     3.250    clk_IBUF
    BUFGCTRL_X0Y0        BUFG (Prop_bufg_I_O)         0.091     3.341 r  clk_IBUF_BUFG_inst/O
                         net (fo=300, routed)         1.612     4.953    u_Track_9/CLK
    SLICE_X54Y107        FDCE                                         r  u_Track_9/current_train_id_reg[3]/C

Slack:                    inf
  Source:                 btnC
                            (input port)
  Destination:            u_Track_9/current_train_id_reg[4]/CLR
                            (recovery check against rising-edge clock sys_clk_pin  {rise@0.000ns fall@5.000ns period=10.000ns})
  Path Group:             (none)
  Path Type:              Recovery (Max at Slow Process Corner)
  Data Path Delay:        9.765ns  (logic 1.441ns (14.760%)  route 8.324ns (85.240%))
  Logic Levels:           1  (IBUF=1)
  Clock Path Skew:        4.953ns (DCD - SCD + CPR)
    Destination Clock Delay (DCD):    4.953ns
    Source Clock Delay      (SCD):    0.000ns
    Clock Pessimism Removal (CPR):    0.000ns
  Clock Uncertainty:      0.025ns  ((TSJ^2 + TIJ^2)^1/2 + DJ) / 2 + PE
    Total System Jitter     (TSJ):    0.050ns
    Total Input Jitter      (TIJ):    0.000ns
    Discrete Jitter          (DJ):    0.000ns
    Phase Error              (PE):    0.000ns

    Location             Delay type                Incr(ns)  Path(ns)    Netlist Resource(s)
  -------------------------------------------------------------------    -------------------
    U18                                               0.000     0.000 f  btnC (IN)
                         net (fo=0)                   0.000     0.000    btnC
    U18                  IBUF (Prop_ibuf_I_O)         1.441     1.441 f  btnC_IBUF_inst/O
                         net (fo=293, routed)         8.324     9.765    u_Track_9/btnC_IBUF
    SLICE_X54Y107        FDCE                                         f  u_Track_9/current_train_id_reg[4]/CLR
  -------------------------------------------------------------------    -------------------

                         (clock sys_clk_pin rise edge)
                                                      0.000     0.000 r  
    W5                                                0.000     0.000 r  clk (IN)
                         net (fo=0)                   0.000     0.000    clk
    W5                   IBUF (Prop_ibuf_I_O)         1.388     1.388 r  clk_IBUF_inst/O
                         net (fo=1, routed)           1.862     3.250    clk_IBUF
    BUFGCTRL_X0Y0        BUFG (Prop_bufg_I_O)         0.091     3.341 r  clk_IBUF_BUFG_inst/O
                         net (fo=300, routed)         1.612     4.953    u_Track_9/CLK
    SLICE_X54Y107        FDCE                                         r  u_Track_9/current_train_id_reg[4]/C

Slack:                    inf
  Source:                 btnC
                            (input port)
  Destination:            u_Track_9/current_train_id_reg[6]/CLR
                            (recovery check against rising-edge clock sys_clk_pin  {rise@0.000ns fall@5.000ns period=10.000ns})
  Path Group:             (none)
  Path Type:              Recovery (Max at Slow Process Corner)
  Data Path Delay:        9.765ns  (logic 1.441ns (14.760%)  route 8.324ns (85.240%))
  Logic Levels:           1  (IBUF=1)
  Clock Path Skew:        4.953ns (DCD - SCD + CPR)
    Destination Clock Delay (DCD):    4.953ns
    Source Clock Delay      (SCD):    0.000ns
    Clock Pessimism Removal (CPR):    0.000ns
  Clock Uncertainty:      0.025ns  ((TSJ^2 + TIJ^2)^1/2 + DJ) / 2 + PE
    Total System Jitter     (TSJ):    0.050ns
    Total Input Jitter      (TIJ):    0.000ns
    Discrete Jitter          (DJ):    0.000ns
    Phase Error              (PE):    0.000ns

    Location             Delay type                Incr(ns)  Path(ns)    Netlist Resource(s)
  -------------------------------------------------------------------    -------------------
    U18                                               0.000     0.000 f  btnC (IN)
                         net (fo=0)                   0.000     0.000    btnC
    U18                  IBUF (Prop_ibuf_I_O)         1.441     1.441 f  btnC_IBUF_inst/O
                         net (fo=293, routed)         8.324     9.765    u_Track_9/btnC_IBUF
    SLICE_X54Y107        FDCE                                         f  u_Track_9/current_train_id_reg[6]/CLR
  -------------------------------------------------------------------    -------------------

                         (clock sys_clk_pin rise edge)
                                                      0.000     0.000 r  
    W5                                                0.000     0.000 r  clk (IN)
                         net (fo=0)                   0.000     0.000    clk
    W5                   IBUF (Prop_ibuf_I_O)         1.388     1.388 r  clk_IBUF_inst/O
                         net (fo=1, routed)           1.862     3.250    clk_IBUF
    BUFGCTRL_X0Y0        BUFG (Prop_bufg_I_O)         0.091     3.341 r  clk_IBUF_BUFG_inst/O
                         net (fo=300, routed)         1.612     4.953    u_Track_9/CLK
    SLICE_X54Y107        FDCE                                         r  u_Track_9/current_train_id_reg[6]/C

Slack:                    inf
  Source:                 btnC
                            (input port)
  Destination:            u_Turnout_L2/current_train_id_reg[0]/CLR
                            (recovery check against rising-edge clock sys_clk_pin  {rise@0.000ns fall@5.000ns period=10.000ns})
  Path Group:             (none)
  Path Type:              Recovery (Max at Slow Process Corner)
  Data Path Delay:        9.698ns  (logic 1.441ns (14.861%)  route 8.257ns (85.139%))
  Logic Levels:           1  (IBUF=1)
  Clock Path Skew:        4.954ns (DCD - SCD + CPR)
    Destination Clock Delay (DCD):    4.954ns
    Source Clock Delay      (SCD):    0.000ns
    Clock Pessimism Removal (CPR):    0.000ns
  Clock Uncertainty:      0.025ns  ((TSJ^2 + TIJ^2)^1/2 + DJ) / 2 + PE
    Total System Jitter     (TSJ):    0.050ns
    Total Input Jitter      (TIJ):    0.000ns
    Discrete Jitter          (DJ):    0.000ns
    Phase Error              (PE):    0.000ns

    Location             Delay type                Incr(ns)  Path(ns)    Netlist Resource(s)
  -------------------------------------------------------------------    -------------------
    U18                                               0.000     0.000 f  btnC (IN)
                         net (fo=0)                   0.000     0.000    btnC
    U18                  IBUF (Prop_ibuf_I_O)         1.441     1.441 f  btnC_IBUF_inst/O
                         net (fo=293, routed)         8.257     9.698    u_Turnout_L2/btnC_IBUF
    SLICE_X48Y100        FDCE                                         f  u_Turnout_L2/current_train_id_reg[0]/CLR
  -------------------------------------------------------------------    -------------------

                         (clock sys_clk_pin rise edge)
                                                      0.000     0.000 r  
    W5                                                0.000     0.000 r  clk (IN)
                         net (fo=0)                   0.000     0.000    clk
    W5                   IBUF (Prop_ibuf_I_O)         1.388     1.388 r  clk_IBUF_inst/O
                         net (fo=1, routed)           1.862     3.250    clk_IBUF
    BUFGCTRL_X0Y0        BUFG (Prop_bufg_I_O)         0.091     3.341 r  clk_IBUF_BUFG_inst/O
                         net (fo=300, routed)         1.613     4.954    u_Turnout_L2/CLK
    SLICE_X48Y100        FDCE                                         r  u_Turnout_L2/current_train_id_reg[0]/C

Slack:                    inf
  Source:                 btnC
                            (input port)
  Destination:            u_Turnout_L2/current_train_id_reg[2]/CLR
                            (recovery check against rising-edge clock sys_clk_pin  {rise@0.000ns fall@5.000ns period=10.000ns})
  Path Group:             (none)
  Path Type:              Recovery (Max at Slow Process Corner)
  Data Path Delay:        9.698ns  (logic 1.441ns (14.861%)  route 8.257ns (85.139%))
  Logic Levels:           1  (IBUF=1)
  Clock Path Skew:        4.954ns (DCD - SCD + CPR)
    Destination Clock Delay (DCD):    4.954ns
    Source Clock Delay      (SCD):    0.000ns
    Clock Pessimism Removal (CPR):    0.000ns
  Clock Uncertainty:      0.025ns  ((TSJ^2 + TIJ^2)^1/2 + DJ) / 2 + PE
    Total System Jitter     (TSJ):    0.050ns
    Total Input Jitter      (TIJ):    0.000ns
    Discrete Jitter          (DJ):    0.000ns
    Phase Error              (PE):    0.000ns

    Location             Delay type                Incr(ns)  Path(ns)    Netlist Resource(s)
  -------------------------------------------------------------------    -------------------
    U18                                               0.000     0.000 f  btnC (IN)
                         net (fo=0)                   0.000     0.000    btnC
    U18                  IBUF (Prop_ibuf_I_O)         1.441     1.441 f  btnC_IBUF_inst/O
                         net (fo=293, routed)         8.257     9.698    u_Turnout_L2/btnC_IBUF
    SLICE_X48Y100        FDCE                                         f  u_Turnout_L2/current_train_id_reg[2]/CLR
  -------------------------------------------------------------------    -------------------

                         (clock sys_clk_pin rise edge)
                                                      0.000     0.000 r  
    W5                                                0.000     0.000 r  clk (IN)
                         net (fo=0)                   0.000     0.000    clk
    W5                   IBUF (Prop_ibuf_I_O)         1.388     1.388 r  clk_IBUF_inst/O
                         net (fo=1, routed)           1.862     3.250    clk_IBUF
    BUFGCTRL_X0Y0        BUFG (Prop_bufg_I_O)         0.091     3.341 r  clk_IBUF_BUFG_inst/O
                         net (fo=300, routed)         1.613     4.954    u_Turnout_L2/CLK
    SLICE_X48Y100        FDCE                                         r  u_Turnout_L2/current_train_id_reg[2]/C

Slack:                    inf
  Source:                 btnC
                            (input port)
  Destination:            u_Turnout_L2/current_train_id_reg[4]/CLR
                            (recovery check against rising-edge clock sys_clk_pin  {rise@0.000ns fall@5.000ns period=10.000ns})
  Path Group:             (none)
  Path Type:              Recovery (Max at Slow Process Corner)
  Data Path Delay:        9.698ns  (logic 1.441ns (14.861%)  route 8.257ns (85.139%))
  Logic Levels:           1  (IBUF=1)
  Clock Path Skew:        4.954ns (DCD - SCD + CPR)
    Destination Clock Delay (DCD):    4.954ns
    Source Clock Delay      (SCD):    0.000ns
    Clock Pessimism Removal (CPR):    0.000ns
  Clock Uncertainty:      0.025ns  ((TSJ^2 + TIJ^2)^1/2 + DJ) / 2 + PE
    Total System Jitter     (TSJ):    0.050ns
    Total Input Jitter      (TIJ):    0.000ns
    Discrete Jitter          (DJ):    0.000ns
    Phase Error              (PE):    0.000ns

    Location             Delay type                Incr(ns)  Path(ns)    Netlist Resource(s)
  -------------------------------------------------------------------    -------------------
    U18                                               0.000     0.000 f  btnC (IN)
                         net (fo=0)                   0.000     0.000    btnC
    U18                  IBUF (Prop_ibuf_I_O)         1.441     1.441 f  btnC_IBUF_inst/O
                         net (fo=293, routed)         8.257     9.698    u_Turnout_L2/btnC_IBUF
    SLICE_X48Y100        FDCE                                         f  u_Turnout_L2/current_train_id_reg[4]/CLR
  -------------------------------------------------------------------    -------------------

                         (clock sys_clk_pin rise edge)
                                                      0.000     0.000 r  
    W5                                                0.000     0.000 r  clk (IN)
                         net (fo=0)                   0.000     0.000    clk
    W5                   IBUF (Prop_ibuf_I_O)         1.388     1.388 r  clk_IBUF_inst/O
                         net (fo=1, routed)           1.862     3.250    clk_IBUF
    BUFGCTRL_X0Y0        BUFG (Prop_bufg_I_O)         0.091     3.341 r  clk_IBUF_BUFG_inst/O
                         net (fo=300, routed)         1.613     4.954    u_Turnout_L2/CLK
    SLICE_X48Y100        FDCE                                         r  u_Turnout_L2/current_train_id_reg[4]/C

Slack:                    inf
  Source:                 btnC
                            (input port)
  Destination:            u_Turnout_L2/position_reg[1]/CLR
                            (recovery check against rising-edge clock sys_clk_pin  {rise@0.000ns fall@5.000ns period=10.000ns})
  Path Group:             (none)
  Path Type:              Recovery (Max at Slow Process Corner)
  Data Path Delay:        9.694ns  (logic 1.441ns (14.868%)  route 8.253ns (85.132%))
  Logic Levels:           1  (IBUF=1)
  Clock Path Skew:        4.954ns (DCD - SCD + CPR)
    Destination Clock Delay (DCD):    4.954ns
    Source Clock Delay      (SCD):    0.000ns
    Clock Pessimism Removal (CPR):    0.000ns
  Clock Uncertainty:      0.025ns  ((TSJ^2 + TIJ^2)^1/2 + DJ) / 2 + PE
    Total System Jitter     (TSJ):    0.050ns
    Total Input Jitter      (TIJ):    0.000ns
    Discrete Jitter          (DJ):    0.000ns
    Phase Error              (PE):    0.000ns

    Location             Delay type                Incr(ns)  Path(ns)    Netlist Resource(s)
  -------------------------------------------------------------------    -------------------
    U18                                               0.000     0.000 f  btnC (IN)
                         net (fo=0)                   0.000     0.000    btnC
    U18                  IBUF (Prop_ibuf_I_O)         1.441     1.441 f  btnC_IBUF_inst/O
                         net (fo=293, routed)         8.253     9.694    u_Turnout_L2/btnC_IBUF
    SLICE_X49Y100        FDCE                                         f  u_Turnout_L2/position_reg[1]/CLR
  -------------------------------------------------------------------    -------------------

                         (clock sys_clk_pin rise edge)
                                                      0.000     0.000 r  
    W5                                                0.000     0.000 r  clk (IN)
                         net (fo=0)                   0.000     0.000    clk
    W5                   IBUF (Prop_ibuf_I_O)         1.388     1.388 r  clk_IBUF_inst/O
                         net (fo=1, routed)           1.862     3.250    clk_IBUF
    BUFGCTRL_X0Y0        BUFG (Prop_bufg_I_O)         0.091     3.341 r  clk_IBUF_BUFG_inst/O
                         net (fo=300, routed)         1.613     4.954    u_Turnout_L2/CLK
    SLICE_X49Y100        FDCE                                         r  u_Turnout_L2/position_reg[1]/C

Slack:                    inf
  Source:                 btnC
                            (input port)
  Destination:            u_Turnout_P2/current_train_id_reg[2]/CLR
                            (recovery check against rising-edge clock sys_clk_pin  {rise@0.000ns fall@5.000ns period=10.000ns})
  Path Group:             (none)
  Path Type:              Recovery (Max at Slow Process Corner)
  Data Path Delay:        9.631ns  (logic 1.441ns (14.965%)  route 8.190ns (85.035%))
  Logic Levels:           1  (IBUF=1)
  Clock Path Skew:        4.954ns (DCD - SCD + CPR)
    Destination Clock Delay (DCD):    4.954ns
    Source Clock Delay      (SCD):    0.000ns
    Clock Pessimism Removal (CPR):    0.000ns
  Clock Uncertainty:      0.025ns  ((TSJ^2 + TIJ^2)^1/2 + DJ) / 2 + PE
    Total System Jitter     (TSJ):    0.050ns
    Total Input Jitter      (TIJ):    0.000ns
    Discrete Jitter          (DJ):    0.000ns
    Phase Error              (PE):    0.000ns

    Location             Delay type                Incr(ns)  Path(ns)    Netlist Resource(s)
  -------------------------------------------------------------------    -------------------
    U18                                               0.000     0.000 f  btnC (IN)
                         net (fo=0)                   0.000     0.000    btnC
    U18                  IBUF (Prop_ibuf_I_O)         1.441     1.441 f  btnC_IBUF_inst/O
                         net (fo=293, routed)         8.190     9.631    u_Turnout_P2/btnC_IBUF
    SLICE_X54Y106        FDCE                                         f  u_Turnout_P2/current_train_id_reg[2]/CLR
  -------------------------------------------------------------------    -------------------

                         (clock sys_clk_pin rise edge)
                                                      0.000     0.000 r  
    W5                                                0.000     0.000 r  clk (IN)
                         net (fo=0)                   0.000     0.000    clk
    W5                   IBUF (Prop_ibuf_I_O)         1.388     1.388 r  clk_IBUF_inst/O
                         net (fo=1, routed)           1.862     3.250    clk_IBUF
    BUFGCTRL_X0Y0        BUFG (Prop_bufg_I_O)         0.091     3.341 r  clk_IBUF_BUFG_inst/O
                         net (fo=300, routed)         1.613     4.954    u_Turnout_P2/CLK
    SLICE_X54Y106        FDCE                                         r  u_Turnout_P2/current_train_id_reg[2]/C

Slack:                    inf
  Source:                 btnC
                            (input port)
  Destination:            u_Turnout_P2/current_train_id_reg[3]/CLR
                            (recovery check against rising-edge clock sys_clk_pin  {rise@0.000ns fall@5.000ns period=10.000ns})
  Path Group:             (none)
  Path Type:              Recovery (Max at Slow Process Corner)
  Data Path Delay:        9.631ns  (logic 1.441ns (14.965%)  route 8.190ns (85.035%))
  Logic Levels:           1  (IBUF=1)
  Clock Path Skew:        4.954ns (DCD - SCD + CPR)
    Destination Clock Delay (DCD):    4.954ns
    Source Clock Delay      (SCD):    0.000ns
    Clock Pessimism Removal (CPR):    0.000ns
  Clock Uncertainty:      0.025ns  ((TSJ^2 + TIJ^2)^1/2 + DJ) / 2 + PE
    Total System Jitter     (TSJ):    0.050ns
    Total Input Jitter      (TIJ):    0.000ns
    Discrete Jitter          (DJ):    0.000ns
    Phase Error              (PE):    0.000ns

    Location             Delay type                Incr(ns)  Path(ns)    Netlist Resource(s)
  -------------------------------------------------------------------    -------------------
    U18                                               0.000     0.000 f  btnC (IN)
                         net (fo=0)                   0.000     0.000    btnC
    U18                  IBUF (Prop_ibuf_I_O)         1.441     1.441 f  btnC_IBUF_inst/O
                         net (fo=293, routed)         8.190     9.631    u_Turnout_P2/btnC_IBUF
    SLICE_X54Y106        FDCE                                         f  u_Turnout_P2/current_train_id_reg[3]/CLR
  -------------------------------------------------------------------    -------------------

                         (clock sys_clk_pin rise edge)
                                                      0.000     0.000 r  
    W5                                                0.000     0.000 r  clk (IN)
                         net (fo=0)                   0.000     0.000    clk
    W5                   IBUF (Prop_ibuf_I_O)         1.388     1.388 r  clk_IBUF_inst/O
                         net (fo=1, routed)           1.862     3.250    clk_IBUF
    BUFGCTRL_X0Y0        BUFG (Prop_bufg_I_O)         0.091     3.341 r  clk_IBUF_BUFG_inst/O
                         net (fo=300, routed)         1.613     4.954    u_Turnout_P2/CLK
    SLICE_X54Y106        FDCE                                         r  u_Turnout_P2/current_train_id_reg[3]/C





Min Delay Paths
--------------------------------------------------------------------------------------
Slack:                    inf
  Source:                 btnC
                            (input port)
  Destination:            u_UartTx/FSM_sequential_state_reg[0]/CLR
                            (removal check against rising-edge clock sys_clk_pin  {rise@0.000ns fall@5.000ns period=10.000ns})
  Path Group:             (none)
  Path Type:              Removal (Min at Fast Process Corner)
  Data Path Delay:        0.986ns  (logic 0.210ns (21.251%)  route 0.776ns (78.749%))
  Logic Levels:           1  (IBUF=1)
  Clock Path Skew:        1.981ns (DCD - SCD - CPR)
    Destination Clock Delay (DCD):    1.981ns
    Source Clock Delay      (SCD):    0.000ns
    Clock Pessimism Removal (CPR):    -0.000ns

    Location             Delay type                Incr(ns)  Path(ns)    Netlist Resource(s)
  -------------------------------------------------------------------    -------------------
    U18                                               0.000     0.000 f  btnC (IN)
                         net (fo=0)                   0.000     0.000    btnC
    U18                  IBUF (Prop_ibuf_I_O)         0.210     0.210 f  btnC_IBUF_inst/O
                         net (fo=293, routed)         0.776     0.986    u_UartTx/btnC_IBUF
    SLICE_X4Y30          FDCE                                         f  u_UartTx/FSM_sequential_state_reg[0]/CLR
  -------------------------------------------------------------------    -------------------

                         (clock sys_clk_pin rise edge)
                                                      0.000     0.000 r  
    W5                                                0.000     0.000 r  clk (IN)
                         net (fo=0)                   0.000     0.000    clk
    W5                   IBUF (Prop_ibuf_I_O)         0.414     0.414 r  clk_IBUF_inst/O
                         net (fo=1, routed)           0.685     1.099    clk_IBUF
    BUFGCTRL_X0Y0        BUFG (Prop_bufg_I_O)         0.029     1.128 r  clk_IBUF_BUFG_inst/O
                         net (fo=300, routed)         0.854     1.981    u_UartTx/CLK
    SLICE_X4Y30          FDCE                                         r  u_UartTx/FSM_sequential_state_reg[0]/C

Slack:                    inf
  Source:                 btnC
                            (input port)
  Destination:            u_UartTx/bit_idx_reg[0]/CLR
                            (removal check against rising-edge clock sys_clk_pin  {rise@0.000ns fall@5.000ns period=10.000ns})
  Path Group:             (none)
  Path Type:              Removal (Min at Fast Process Corner)
  Data Path Delay:        0.986ns  (logic 0.210ns (21.251%)  route 0.776ns (78.749%))
  Logic Levels:           1  (IBUF=1)
  Clock Path Skew:        1.981ns (DCD - SCD - CPR)
    Destination Clock Delay (DCD):    1.981ns
    Source Clock Delay      (SCD):    0.000ns
    Clock Pessimism Removal (CPR):    -0.000ns

    Location             Delay type                Incr(ns)  Path(ns)    Netlist Resource(s)
  -------------------------------------------------------------------    -------------------
    U18                                               0.000     0.000 f  btnC (IN)
                         net (fo=0)                   0.000     0.000    btnC
    U18                  IBUF (Prop_ibuf_I_O)         0.210     0.210 f  btnC_IBUF_inst/O
                         net (fo=293, routed)         0.776     0.986    u_UartTx/btnC_IBUF
    SLICE_X4Y30          FDCE                                         f  u_UartTx/bit_idx_reg[0]/CLR
  -------------------------------------------------------------------    -------------------

                         (clock sys_clk_pin rise edge)
                                                      0.000     0.000 r  
    W5                                                0.000     0.000 r  clk (IN)
                         net (fo=0)                   0.000     0.000    clk
    W5                   IBUF (Prop_ibuf_I_O)         0.414     0.414 r  clk_IBUF_inst/O
                         net (fo=1, routed)           0.685     1.099    clk_IBUF
    BUFGCTRL_X0Y0        BUFG (Prop_bufg_I_O)         0.029     1.128 r  clk_IBUF_BUFG_inst/O
                         net (fo=300, routed)         0.854     1.981    u_UartTx/CLK
    SLICE_X4Y30          FDCE                                         r  u_UartTx/bit_idx_reg[0]/C

Slack:                    inf
  Source:                 btnC
                            (input port)
  Destination:            u_UartTx/bit_idx_reg[1]/CLR
                            (removal check against rising-edge clock sys_clk_pin  {rise@0.000ns fall@5.000ns period=10.000ns})
  Path Group:             (none)
  Path Type:              Removal (Min at Fast Process Corner)
  Data Path Delay:        0.986ns  (logic 0.210ns (21.251%)  route 0.776ns (78.749%))
  Logic Levels:           1  (IBUF=1)
  Clock Path Skew:        1.981ns (DCD - SCD - CPR)
    Destination Clock Delay (DCD):    1.981ns
    Source Clock Delay      (SCD):    0.000ns
    Clock Pessimism Removal (CPR):    -0.000ns

    Location             Delay type                Incr(ns)  Path(ns)    Netlist Resource(s)
  -------------------------------------------------------------------    -------------------
    U18                                               0.000     0.000 f  btnC (IN)
                         net (fo=0)                   0.000     0.000    btnC
    U18                  IBUF (Prop_ibuf_I_O)         0.210     0.210 f  btnC_IBUF_inst/O
                         net (fo=293, routed)         0.776     0.986    u_UartTx/btnC_IBUF
    SLICE_X4Y30          FDCE                                         f  u_UartTx/bit_idx_reg[1]/CLR
  -------------------------------------------------------------------    -------------------

                         (clock sys_clk_pin rise edge)
                                                      0.000     0.000 r  
    W5                                                0.000     0.000 r  clk (IN)
                         net (fo=0)                   0.000     0.000    clk
    W5                   IBUF (Prop_ibuf_I_O)         0.414     0.414 r  clk_IBUF_inst/O
                         net (fo=1, routed)           0.685     1.099    clk_IBUF
    BUFGCTRL_X0Y0        BUFG (Prop_bufg_I_O)         0.029     1.128 r  clk_IBUF_BUFG_inst/O
                         net (fo=300, routed)         0.854     1.981    u_UartTx/CLK
    SLICE_X4Y30          FDCE                                         r  u_UartTx/bit_idx_reg[1]/C

Slack:                    inf
  Source:                 btnC
                            (input port)
  Destination:            u_UartTx/bit_idx_reg[2]/CLR
                            (removal check against rising-edge clock sys_clk_pin  {rise@0.000ns fall@5.000ns period=10.000ns})
  Path Group:             (none)
  Path Type:              Removal (Min at Fast Process Corner)
  Data Path Delay:        0.986ns  (logic 0.210ns (21.251%)  route 0.776ns (78.749%))
  Logic Levels:           1  (IBUF=1)
  Clock Path Skew:        1.981ns (DCD - SCD - CPR)
    Destination Clock Delay (DCD):    1.981ns
    Source Clock Delay      (SCD):    0.000ns
    Clock Pessimism Removal (CPR):    -0.000ns

    Location             Delay type                Incr(ns)  Path(ns)    Netlist Resource(s)
  -------------------------------------------------------------------    -------------------
    U18                                               0.000     0.000 f  btnC (IN)
                         net (fo=0)                   0.000     0.000    btnC
    U18                  IBUF (Prop_ibuf_I_O)         0.210     0.210 f  btnC_IBUF_inst/O
                         net (fo=293, routed)         0.776     0.986    u_UartTx/btnC_IBUF
    SLICE_X4Y30          FDCE                                         f  u_UartTx/bit_idx_reg[2]/CLR
  -------------------------------------------------------------------    -------------------

                         (clock sys_clk_pin rise edge)
                                                      0.000     0.000 r  
    W5                                                0.000     0.000 r  clk (IN)
                         net (fo=0)                   0.000     0.000    clk
    W5                   IBUF (Prop_ibuf_I_O)         0.414     0.414 r  clk_IBUF_inst/O
                         net (fo=1, routed)           0.685     1.099    clk_IBUF
    BUFGCTRL_X0Y0        BUFG (Prop_bufg_I_O)         0.029     1.128 r  clk_IBUF_BUFG_inst/O
                         net (fo=300, routed)         0.854     1.981    u_UartTx/CLK
    SLICE_X4Y30          FDCE                                         r  u_UartTx/bit_idx_reg[2]/C

Slack:                    inf
  Source:                 btnC
                            (input port)
  Destination:            u_UartTx/bit_tmr_reg[10]/CLR
                            (removal check against rising-edge clock sys_clk_pin  {rise@0.000ns fall@5.000ns period=10.000ns})
  Path Group:             (none)
  Path Type:              Removal (Min at Fast Process Corner)
  Data Path Delay:        1.026ns  (logic 0.210ns (20.424%)  route 0.816ns (79.576%))
  Logic Levels:           1  (IBUF=1)
  Clock Path Skew:        1.981ns (DCD - SCD - CPR)
    Destination Clock Delay (DCD):    1.981ns
    Source Clock Delay      (SCD):    0.000ns
    Clock Pessimism Removal (CPR):    -0.000ns

    Location             Delay type                Incr(ns)  Path(ns)    Netlist Resource(s)
  -------------------------------------------------------------------    -------------------
    U18                                               0.000     0.000 f  btnC (IN)
                         net (fo=0)                   0.000     0.000    btnC
    U18                  IBUF (Prop_ibuf_I_O)         0.210     0.210 f  btnC_IBUF_inst/O
                         net (fo=293, routed)         0.816     1.026    u_UartTx/btnC_IBUF
    SLICE_X7Y30          FDCE                                         f  u_UartTx/bit_tmr_reg[10]/CLR
  -------------------------------------------------------------------    -------------------

                         (clock sys_clk_pin rise edge)
                                                      0.000     0.000 r  
    W5                                                0.000     0.000 r  clk (IN)
                         net (fo=0)                   0.000     0.000    clk
    W5                   IBUF (Prop_ibuf_I_O)         0.414     0.414 r  clk_IBUF_inst/O
                         net (fo=1, routed)           0.685     1.099    clk_IBUF
    BUFGCTRL_X0Y0        BUFG (Prop_bufg_I_O)         0.029     1.128 r  clk_IBUF_BUFG_inst/O
                         net (fo=300, routed)         0.854     1.981    u_UartTx/CLK
    SLICE_X7Y30          FDCE                                         r  u_UartTx/bit_tmr_reg[10]/C

Slack:                    inf
  Source:                 btnC
                            (input port)
  Destination:            u_UartTx/bit_tmr_reg[13]/CLR
                            (removal check against rising-edge clock sys_clk_pin  {rise@0.000ns fall@5.000ns period=10.000ns})
  Path Group:             (none)
  Path Type:              Removal (Min at Fast Process Corner)
  Data Path Delay:        1.026ns  (logic 0.210ns (20.424%)  route 0.816ns (79.576%))
  Logic Levels:           1  (IBUF=1)
  Clock Path Skew:        1.981ns (DCD - SCD - CPR)
    Destination Clock Delay (DCD):    1.981ns
    Source Clock Delay      (SCD):    0.000ns
    Clock Pessimism Removal (CPR):    -0.000ns

    Location             Delay type                Incr(ns)  Path(ns)    Netlist Resource(s)
  -------------------------------------------------------------------    -------------------
    U18                                               0.000     0.000 f  btnC (IN)
                         net (fo=0)                   0.000     0.000    btnC
    U18                  IBUF (Prop_ibuf_I_O)         0.210     0.210 f  btnC_IBUF_inst/O
                         net (fo=293, routed)         0.816     1.026    u_UartTx/btnC_IBUF
    SLICE_X7Y30          FDCE                                         f  u_UartTx/bit_tmr_reg[13]/CLR
  -------------------------------------------------------------------    -------------------

                         (clock sys_clk_pin rise edge)
                                                      0.000     0.000 r  
    W5                                                0.000     0.000 r  clk (IN)
                         net (fo=0)                   0.000     0.000    clk
    W5                   IBUF (Prop_ibuf_I_O)         0.414     0.414 r  clk_IBUF_inst/O
                         net (fo=1, routed)           0.685     1.099    clk_IBUF
    BUFGCTRL_X0Y0        BUFG (Prop_bufg_I_O)         0.029     1.128 r  clk_IBUF_BUFG_inst/O
                         net (fo=300, routed)         0.854     1.981    u_UartTx/CLK
    SLICE_X7Y30          FDCE                                         r  u_UartTx/bit_tmr_reg[13]/C

Slack:                    inf
  Source:                 btnC
                            (input port)
  Destination:            u_UartTx/bit_tmr_reg[14]/CLR
                            (removal check against rising-edge clock sys_clk_pin  {rise@0.000ns fall@5.000ns period=10.000ns})
  Path Group:             (none)
  Path Type:              Removal (Min at Fast Process Corner)
  Data Path Delay:        1.026ns  (logic 0.210ns (20.424%)  route 0.816ns (79.576%))
  Logic Levels:           1  (IBUF=1)
  Clock Path Skew:        1.981ns (DCD - SCD - CPR)
    Destination Clock Delay (DCD):    1.981ns
    Source Clock Delay      (SCD):    0.000ns
    Clock Pessimism Removal (CPR):    -0.000ns

    Location             Delay type                Incr(ns)  Path(ns)    Netlist Resource(s)
  -------------------------------------------------------------------    -------------------
    U18                                               0.000     0.000 f  btnC (IN)
                         net (fo=0)                   0.000     0.000    btnC
    U18                  IBUF (Prop_ibuf_I_O)         0.210     0.210 f  btnC_IBUF_inst/O
                         net (fo=293, routed)         0.816     1.026    u_UartTx/btnC_IBUF
    SLICE_X7Y30          FDCE                                         f  u_UartTx/bit_tmr_reg[14]/CLR
  -------------------------------------------------------------------    -------------------

                         (clock sys_clk_pin rise edge)
                                                      0.000     0.000 r  
    W5                                                0.000     0.000 r  clk (IN)
                         net (fo=0)                   0.000     0.000    clk
    W5                   IBUF (Prop_ibuf_I_O)         0.414     0.414 r  clk_IBUF_inst/O
                         net (fo=1, routed)           0.685     1.099    clk_IBUF
    BUFGCTRL_X0Y0        BUFG (Prop_bufg_I_O)         0.029     1.128 r  clk_IBUF_BUFG_inst/O
                         net (fo=300, routed)         0.854     1.981    u_UartTx/CLK
    SLICE_X7Y30          FDCE                                         r  u_UartTx/bit_tmr_reg[14]/C

Slack:                    inf
  Source:                 btnC
                            (input port)
  Destination:            u_UartTx/bit_tmr_reg[15]/CLR
                            (removal check against rising-edge clock sys_clk_pin  {rise@0.000ns fall@5.000ns period=10.000ns})
  Path Group:             (none)
  Path Type:              Removal (Min at Fast Process Corner)
  Data Path Delay:        1.026ns  (logic 0.210ns (20.424%)  route 0.816ns (79.576%))
  Logic Levels:           1  (IBUF=1)
  Clock Path Skew:        1.981ns (DCD - SCD - CPR)
    Destination Clock Delay (DCD):    1.981ns
    Source Clock Delay      (SCD):    0.000ns
    Clock Pessimism Removal (CPR):    -0.000ns

    Location             Delay type                Incr(ns)  Path(ns)    Netlist Resource(s)
  -------------------------------------------------------------------    -------------------
    U18                                               0.000     0.000 f  btnC (IN)
                         net (fo=0)                   0.000     0.000    btnC
    U18                  IBUF (Prop_ibuf_I_O)         0.210     0.210 f  btnC_IBUF_inst/O
                         net (fo=293, routed)         0.816     1.026    u_UartTx/btnC_IBUF
    SLICE_X7Y30          FDCE                                         f  u_UartTx/bit_tmr_reg[15]/CLR
  -------------------------------------------------------------------    -------------------

                         (clock sys_clk_pin rise edge)
                                                      0.000     0.000 r  
    W5                                                0.000     0.000 r  clk (IN)
                         net (fo=0)                   0.000     0.000    clk
    W5                   IBUF (Prop_ibuf_I_O)         0.414     0.414 r  clk_IBUF_inst/O
                         net (fo=1, routed)           0.685     1.099    clk_IBUF
    BUFGCTRL_X0Y0        BUFG (Prop_bufg_I_O)         0.029     1.128 r  clk_IBUF_BUFG_inst/O
                         net (fo=300, routed)         0.854     1.981    u_UartTx/CLK
    SLICE_X7Y30          FDCE                                         r  u_UartTx/bit_tmr_reg[15]/C

Slack:                    inf
  Source:                 btnC
                            (input port)
  Destination:            u_UartTx/FSM_sequential_state_reg[1]/CLR
                            (removal check against rising-edge clock sys_clk_pin  {rise@0.000ns fall@5.000ns period=10.000ns})
  Path Group:             (none)
  Path Type:              Removal (Min at Fast Process Corner)
  Data Path Delay:        1.039ns  (logic 0.210ns (20.169%)  route 0.829ns (79.831%))
  Logic Levels:           1  (IBUF=1)
  Clock Path Skew:        1.980ns (DCD - SCD - CPR)
    Destination Clock Delay (DCD):    1.980ns
    Source Clock Delay      (SCD):    0.000ns
    Clock Pessimism Removal (CPR):    -0.000ns

    Location             Delay type                Incr(ns)  Path(ns)    Netlist Resource(s)
  -------------------------------------------------------------------    -------------------
    U18                                               0.000     0.000 f  btnC (IN)
                         net (fo=0)                   0.000     0.000    btnC
    U18                  IBUF (Prop_ibuf_I_O)         0.210     0.210 f  btnC_IBUF_inst/O
                         net (fo=293, routed)         0.829     1.039    u_UartTx/btnC_IBUF
    SLICE_X4Y29          FDCE                                         f  u_UartTx/FSM_sequential_state_reg[1]/CLR
  -------------------------------------------------------------------    -------------------

                         (clock sys_clk_pin rise edge)
                                                      0.000     0.000 r  
    W5                                                0.000     0.000 r  clk (IN)
                         net (fo=0)                   0.000     0.000    clk
    W5                   IBUF (Prop_ibuf_I_O)         0.414     0.414 r  clk_IBUF_inst/O
                         net (fo=1, routed)           0.685     1.099    clk_IBUF
    BUFGCTRL_X0Y0        BUFG (Prop_bufg_I_O)         0.029     1.128 r  clk_IBUF_BUFG_inst/O
                         net (fo=300, routed)         0.853     1.980    u_UartTx/CLK
    SLICE_X4Y29          FDCE                                         r  u_UartTx/FSM_sequential_state_reg[1]/C

Slack:                    inf
  Source:                 btnC
                            (input port)
  Destination:            u_UartTx/tx_reg/PRE
                            (removal check against rising-edge clock sys_clk_pin  {rise@0.000ns fall@5.000ns period=10.000ns})
  Path Group:             (none)
  Path Type:              Removal (Min at Fast Process Corner)
  Data Path Delay:        1.039ns  (logic 0.210ns (20.169%)  route 0.829ns (79.831%))
  Logic Levels:           1  (IBUF=1)
  Clock Path Skew:        1.980ns (DCD - SCD - CPR)
    Destination Clock Delay (DCD):    1.980ns
    Source Clock Delay      (SCD):    0.000ns
    Clock Pessimism Removal (CPR):    -0.000ns

    Location             Delay type                Incr(ns)  Path(ns)    Netlist Resource(s)
  -------------------------------------------------------------------    -------------------
    U18                                               0.000     0.000 f  btnC (IN)
                         net (fo=0)                   0.000     0.000    btnC
    U18                  IBUF (Prop_ibuf_I_O)         0.210     0.210 f  btnC_IBUF_inst/O
                         net (fo=293, routed)         0.829     1.039    u_UartTx/btnC_IBUF
    SLICE_X4Y29          FDPE                                         f  u_UartTx/tx_reg/PRE
  -------------------------------------------------------------------    -------------------

                         (clock sys_clk_pin rise edge)
                                                      0.000     0.000 r  
    W5                                                0.000     0.000 r  clk (IN)
                         net (fo=0)                   0.000     0.000    clk
    W5                   IBUF (Prop_ibuf_I_O)         0.414     0.414 r  clk_IBUF_inst/O
                         net (fo=1, routed)           0.685     1.099    clk_IBUF
    BUFGCTRL_X0Y0        BUFG (Prop_bufg_I_O)         0.029     1.128 r  clk_IBUF_BUFG_inst/O
                         net (fo=300, routed)         0.853     1.980    u_UartTx/CLK
    SLICE_X4Y29          FDPE                                         r  u_UartTx/tx_reg/C





